optimizer_name	batch_name	seed_id	step	score
steepesthill	batch_2_of_5_with_2	0	0	50.87364860821074
steepesthill	batch_2_of_5_with_2	0	0	45.937057971965345
steepesthill	batch_2_of_5_with_2	0	0	43.49786824113846
steepesthill	batch_2_of_5_with_2	0	1	43.49786824113846
steepesthill	batch_2_of_5_with_2	0	1	40.879889265674144
steepesthill	batch_2_of_5_with_2	0	1	39.120221737548185
steepesthill	batch_2_of_5_with_2	0	2	39.120221737548185
steepesthill	batch_2_of_5_with_2	0	2	37.28223172861158
steepesthill	batch_2_of_5_with_2	0	2	36.709030541172126
steepesthill	batch_2_of_5_with_2	0	3	36.709030541172126
steepesthill	batch_2_of_5_with_2	0	3	35.69245074440116
steepesthill	batch_2_of_5_with_2	0	3	35.59301239354446
steepesthill	batch_2_of_5_with_2	0	4	35.59301239354446
steepesthill	batch_2_of_5_with_2	0	4	34.854296586846296
steepesthill	batch_2_of_5_with_2	0	4	34.854296586846296
steepesthill	batch_2_of_5_with_2	0	5	34.854296586846296
steepesthill	batch_2_of_5_with_2	0	5	34.20148675312396
steepesthill	batch_2_of_5_with_2	0	5	34.147895221597665
steepesthill	batch_2_of_5_with_2	0	6	34.147895221597665
steepesthill	batch_2_of_5_with_2	0	6	33.46623331373788
steepesthill	batch_2_of_5_with_2	0	6	33.46623331373788
steepesthill	batch_2_of_5_with_2	0	7	33.46623331373788
steepesthill	batch_2_of_5_with_2	0	7	32.91773710649929
steepesthill	batch_2_of_5_with_2	0	7	32.91773710649929
steepesthill	batch_2_of_5_with_2	0	8	32.91773710649929
steepesthill	batch_2_of_5_with_2	0	8	32.1309886893469
steepesthill	batch_2_of_5_with_2	0	8	32.1309886893469
steepesthill	batch_2_of_5_with_2	0	9	32.1309886893469
steepesthill	batch_2_of_5_with_2	0	9	31.573898826234167
steepesthill	batch_2_of_5_with_2	0	9	31.573898826234167
steepesthill	batch_2_of_5_with_2	0	10	31.573898826234167
steepesthill	batch_2_of_5_with_2	0	10	31.146450478361263
steepesthill	batch_2_of_5_with_2	0	10	31.146450478361263
steepesthill	batch_2_of_5_with_2	0	11	31.146450478361263
steepesthill	batch_2_of_5_with_2	0	11	30.997479921870088
steepesthill	batch_2_of_5_with_2	0	11	30.997479921870088
steepesthill	batch_2_of_5_with_2	0	12	30.997479921870088
steepesthill	batch_2_of_5_with_2	0	12	30.85048008255646
steepesthill	batch_2_of_5_with_2	0	12	30.85048008255646
steepesthill	batch_2_of_5_with_2	0	13	30.85048008255646
steepesthill	batch_2_of_5_with_2	0	13	30.723638197929127
steepesthill	batch_2_of_5_with_2	0	13	30.723638197929127
steepesthill	batch_2_of_5_with_2	0	14	30.723638197929127
steepesthill	batch_2_of_5_with_2	0	14	30.601324044443547
steepesthill	batch_2_of_5_with_2	0	14	30.601324044443547
steepesthill	batch_2_of_5_with_2	0	15	30.601324044443547
steepesthill	batch_2_of_5_with_2	0	15	30.528876594123457
steepesthill	batch_2_of_5_with_2	0	15	30.528876594123457
steepesthill	batch_2_of_5_with_2	0	16	30.528876594123457
steepesthill	batch_2_of_5_with_2	0	16	30.394056629934237
steepesthill	batch_2_of_5_with_2	0	16	30.394056629934237
steepesthill	batch_2_of_5_with_2	0	17	30.394056629934237
steepesthill	batch_2_of_5_with_2	0	17	30.394056629934237
steepesthill	batch_2_of_5_with_2	0	17	30.394056629934237
steepesthill	batch_2_of_5_with_2	1	0	50.486552924522826
steepesthill	batch_2_of_5_with_2	1	0	44.21621162288025
steepesthill	batch_2_of_5_with_2	1	0	40.80563920052305
steepesthill	batch_2_of_5_with_2	1	1	40.80563920052305
steepesthill	batch_2_of_5_with_2	1	1	38.34757086789647
steepesthill	batch_2_of_5_with_2	1	1	37.69083013631828
steepesthill	batch_2_of_5_with_2	1	2	37.69083013631828
steepesthill	batch_2_of_5_with_2	1	2	36.449044876467106
steepesthill	batch_2_of_5_with_2	1	2	36.26565538789124
steepesthill	batch_2_of_5_with_2	1	3	36.26565538789124
steepesthill	batch_2_of_5_with_2	1	3	35.098393689129395
steepesthill	batch_2_of_5_with_2	1	3	34.82724633766162
steepesthill	batch_2_of_5_with_2	1	4	34.82724633766162
steepesthill	batch_2_of_5_with_2	1	4	33.84198286740541
steepesthill	batch_2_of_5_with_2	1	4	33.84198286740541
steepesthill	batch_2_of_5_with_2	1	5	33.84198286740541
steepesthill	batch_2_of_5_with_2	1	5	32.96424890282391
steepesthill	batch_2_of_5_with_2	1	5	32.838376366526504
steepesthill	batch_2_of_5_with_2	1	6	32.838376366526504
steepesthill	batch_2_of_5_with_2	1	6	32.141996841684836
steepesthill	batch_2_of_5_with_2	1	6	32.034101046556195
steepesthill	batch_2_of_5_with_2	1	7	32.034101046556195
steepesthill	batch_2_of_5_with_2	1	7	31.590039277990943
steepesthill	batch_2_of_5_with_2	1	7	31.590039277990943
steepesthill	batch_2_of_5_with_2	1	8	31.590039277990943
steepesthill	batch_2_of_5_with_2	1	8	31.27831873892784
steepesthill	batch_2_of_5_with_2	1	8	31.27831873892784
steepesthill	batch_2_of_5_with_2	1	9	31.27831873892784
steepesthill	batch_2_of_5_with_2	1	9	31.074770151743863
steepesthill	batch_2_of_5_with_2	1	9	31.074770151743863
steepesthill	batch_2_of_5_with_2	1	10	31.074770151743863
steepesthill	batch_2_of_5_with_2	1	10	30.94809645578549
steepesthill	batch_2_of_5_with_2	1	10	30.94809645578549
steepesthill	batch_2_of_5_with_2	1	11	30.94809645578549
steepesthill	batch_2_of_5_with_2	1	11	30.86646490430725
steepesthill	batch_2_of_5_with_2	1	11	30.86646490430725
steepesthill	batch_2_of_5_with_2	1	12	30.86646490430725
steepesthill	batch_2_of_5_with_2	1	12	30.86646490430725
steepesthill	batch_2_of_5_with_2	1	12	30.86646490430725
steepesthill	batch_3_of_5_with_2	0	0	45.374774131614515
steepesthill	batch_3_of_5_with_2	0	0	40.4394075360227
steepesthill	batch_3_of_5_with_2	0	0	39.120378316036096
steepesthill	batch_3_of_5_with_2	0	1	39.120378316036096
steepesthill	batch_3_of_5_with_2	0	1	36.883999192900305
steepesthill	batch_3_of_5_with_2	0	1	36.883999192900305
steepesthill	batch_3_of_5_with_2	0	2	36.883999192900305
steepesthill	batch_3_of_5_with_2	0	2	35.61051249490767
steepesthill	batch_3_of_5_with_2	0	2	35.61051249490767
steepesthill	batch_3_of_5_with_2	0	3	35.61051249490767
steepesthill	batch_3_of_5_with_2	0	3	34.64276896313015
steepesthill	batch_3_of_5_with_2	0	3	34.64276896313015
steepesthill	batch_3_of_5_with_2	0	4	34.64276896313015
steepesthill	batch_3_of_5_with_2	0	4	33.99643538671249
steepesthill	batch_3_of_5_with_2	0	4	33.99643538671249
steepesthill	batch_3_of_5_with_2	0	5	33.99643538671249
steepesthill	batch_3_of_5_with_2	0	5	33.41446376212788
steepesthill	batch_3_of_5_with_2	0	5	33.31667139890693
steepesthill	batch_3_of_5_with_2	0	6	33.31667139890693
steepesthill	batch_3_of_5_with_2	0	6	32.90957278097544
steepesthill	batch_3_of_5_with_2	0	6	32.90957278097544
steepesthill	batch_3_of_5_with_2	0	7	32.90957278097544
steepesthill	batch_3_of_5_with_2	0	7	32.36497201739906
steepesthill	batch_3_of_5_with_2	0	7	32.36497201739906
steepesthill	batch_3_of_5_with_2	0	8	32.36497201739906
steepesthill	batch_3_of_5_with_2	0	8	32.09683007212348
steepesthill	batch_3_of_5_with_2	0	8	32.09683007212348
steepesthill	batch_3_of_5_with_2	0	9	32.09683007212348
steepesthill	batch_3_of_5_with_2	0	9	31.90344612265084
steepesthill	batch_3_of_5_with_2	0	9	31.90344612265084
steepesthill	batch_3_of_5_with_2	0	10	31.90344612265084
steepesthill	batch_3_of_5_with_2	0	10	31.71089711411587
steepesthill	batch_3_of_5_with_2	0	10	31.71089711411587
steepesthill	batch_3_of_5_with_2	0	11	31.71089711411587
steepesthill	batch_3_of_5_with_2	0	11	31.500609503627917
steepesthill	batch_3_of_5_with_2	0	11	31.500609503627917
steepesthill	batch_3_of_5_with_2	0	12	31.500609503627917
steepesthill	batch_3_of_5_with_2	0	12	31.324503120724554
steepesthill	batch_3_of_5_with_2	0	12	31.324503120724554
steepesthill	batch_3_of_5_with_2	0	13	31.324503120724554
steepesthill	batch_3_of_5_with_2	0	13	31.18921569589882
steepesthill	batch_3_of_5_with_2	0	13	31.18921569589882
steepesthill	batch_3_of_5_with_2	0	14	31.18921569589882
steepesthill	batch_3_of_5_with_2	0	14	31.08400729975103
steepesthill	batch_3_of_5_with_2	0	14	31.08400729975103
steepesthill	batch_3_of_5_with_2	0	15	31.08400729975103
steepesthill	batch_3_of_5_with_2	0	15	31.018664159889244
steepesthill	batch_3_of_5_with_2	0	15	31.018664159889244
steepesthill	batch_3_of_5_with_2	0	16	31.018664159889244
steepesthill	batch_3_of_5_with_2	0	16	30.966674944795383
steepesthill	batch_3_of_5_with_2	0	16	30.966674944795383
steepesthill	batch_3_of_5_with_2	0	17	30.966674944795383
steepesthill	batch_3_of_5_with_2	0	17	30.966674944795383
steepesthill	batch_3_of_5_with_2	0	17	30.966674944795383
steepesthill	batch_3_of_5_with_2	1	0	54.78961591296685
steepesthill	batch_3_of_5_with_2	1	0	49.01161715420745
steepesthill	batch_3_of_5_with_2	1	0	44.643886941403316
steepesthill	batch_3_of_5_with_2	1	1	44.643886941403316
steepesthill	batch_3_of_5_with_2	1	1	41.03680242334853
steepesthill	batch_3_of_5_with_2	1	1	39.70274196120766
steepesthill	batch_3_of_5_with_2	1	2	39.70274196120766
steepesthill	batch_3_of_5_with_2	1	2	37.58095681661307
steepesthill	batch_3_of_5_with_2	1	2	37.128015486044035
steepesthill	batch_3_of_5_with_2	1	3	37.128015486044035
steepesthill	batch_3_of_5_with_2	1	3	35.422546473401106
steepesthill	batch_3_of_5_with_2	1	3	35.422546473401106
steepesthill	batch_3_of_5_with_2	1	4	35.422546473401106
steepesthill	batch_3_of_5_with_2	1	4	34.31396235580732
steepesthill	batch_3_of_5_with_2	1	4	34.31396235580732
steepesthill	batch_3_of_5_with_2	1	5	34.31396235580732
steepesthill	batch_3_of_5_with_2	1	5	33.60821338275345
steepesthill	batch_3_of_5_with_2	1	5	33.60821338275345
steepesthill	batch_3_of_5_with_2	1	6	33.60821338275345
steepesthill	batch_3_of_5_with_2	1	6	32.890928570373944
steepesthill	batch_3_of_5_with_2	1	6	32.614397243117544
steepesthill	batch_3_of_5_with_2	1	7	32.614397243117544
steepesthill	batch_3_of_5_with_2	1	7	32.28624991115023
steepesthill	batch_3_of_5_with_2	1	7	32.28624991115023
steepesthill	batch_3_of_5_with_2	1	8	32.28624991115023
steepesthill	batch_3_of_5_with_2	1	8	31.963877505048725
steepesthill	batch_3_of_5_with_2	1	8	31.963877505048725
steepesthill	batch_3_of_5_with_2	1	9	31.963877505048725
steepesthill	batch_3_of_5_with_2	1	9	31.7355589870542
steepesthill	batch_3_of_5_with_2	1	9	31.7355589870542
steepesthill	batch_3_of_5_with_2	1	10	31.7355589870542
steepesthill	batch_3_of_5_with_2	1	10	31.531993285131072
steepesthill	batch_3_of_5_with_2	1	10	31.531993285131072
steepesthill	batch_3_of_5_with_2	1	11	31.531993285131072
steepesthill	batch_3_of_5_with_2	1	11	31.3395273455448
steepesthill	batch_3_of_5_with_2	1	11	31.3395273455448
steepesthill	batch_3_of_5_with_2	1	12	31.3395273455448
steepesthill	batch_3_of_5_with_2	1	12	31.172345506423685
steepesthill	batch_3_of_5_with_2	1	12	31.172345506423685
steepesthill	batch_3_of_5_with_2	1	13	31.172345506423685
steepesthill	batch_3_of_5_with_2	1	13	31.052113247722456
steepesthill	batch_3_of_5_with_2	1	13	31.052113247722456
steepesthill	batch_3_of_5_with_2	1	14	31.052113247722456
steepesthill	batch_3_of_5_with_2	1	14	31.052113247722456
steepesthill	batch_3_of_5_with_2	1	14	31.052113247722456
steepesthill	batch_4_of_5_with_2	0	0	47.03852652279424
steepesthill	batch_4_of_5_with_2	0	0	42.09463533371766
steepesthill	batch_4_of_5_with_2	0	0	40.01121447527884
steepesthill	batch_4_of_5_with_2	0	1	40.01121447527884
steepesthill	batch_4_of_5_with_2	0	1	37.890060004035924
steepesthill	batch_4_of_5_with_2	0	1	37.29144862469311
steepesthill	batch_4_of_5_with_2	0	2	37.29144862469311
steepesthill	batch_4_of_5_with_2	0	2	35.55271969790854
steepesthill	batch_4_of_5_with_2	0	2	35.408601964592606
steepesthill	batch_4_of_5_with_2	0	3	35.408601964592606
steepesthill	batch_4_of_5_with_2	0	3	34.90751027487691
steepesthill	batch_4_of_5_with_2	0	3	34.90751027487691
steepesthill	batch_4_of_5_with_2	0	4	34.90751027487691
steepesthill	batch_4_of_5_with_2	0	4	34.390849536425584
steepesthill	batch_4_of_5_with_2	0	4	34.390849536425584
steepesthill	batch_4_of_5_with_2	0	5	34.390849536425584
steepesthill	batch_4_of_5_with_2	0	5	33.86768547440458
steepesthill	batch_4_of_5_with_2	0	5	33.86768547440458
steepesthill	batch_4_of_5_with_2	0	6	33.86768547440458
steepesthill	batch_4_of_5_with_2	0	6	33.14721913933236
steepesthill	batch_4_of_5_with_2	0	6	33.14721913933236
steepesthill	batch_4_of_5_with_2	0	7	33.14721913933236
steepesthill	batch_4_of_5_with_2	0	7	32.60351288435754
steepesthill	batch_4_of_5_with_2	0	7	32.60351288435754
steepesthill	batch_4_of_5_with_2	0	8	32.60351288435754
steepesthill	batch_4_of_5_with_2	0	8	32.109511432207334
steepesthill	batch_4_of_5_with_2	0	8	32.109511432207334
steepesthill	batch_4_of_5_with_2	0	9	32.109511432207334
steepesthill	batch_4_of_5_with_2	0	9	31.792046526621686
steepesthill	batch_4_of_5_with_2	0	9	31.792046526621686
steepesthill	batch_4_of_5_with_2	0	10	31.792046526621686
steepesthill	batch_4_of_5_with_2	0	10	31.51707551163242
steepesthill	batch_4_of_5_with_2	0	10	31.51707551163242
steepesthill	batch_4_of_5_with_2	0	11	31.51707551163242
steepesthill	batch_4_of_5_with_2	0	11	31.16318428895315
steepesthill	batch_4_of_5_with_2	0	11	31.16318428895315
steepesthill	batch_4_of_5_with_2	0	12	31.16318428895315
steepesthill	batch_4_of_5_with_2	0	12	30.9723863220485
steepesthill	batch_4_of_5_with_2	0	12	30.917897881273806
steepesthill	batch_4_of_5_with_2	0	13	30.917897881273806
steepesthill	batch_4_of_5_with_2	0	13	30.834609242096825
steepesthill	batch_4_of_5_with_2	0	13	30.834609242096825
steepesthill	batch_4_of_5_with_2	0	14	30.834609242096825
steepesthill	batch_4_of_5_with_2	0	14	30.729541152908933
steepesthill	batch_4_of_5_with_2	0	14	30.729541152908933
steepesthill	batch_4_of_5_with_2	0	15	30.729541152908933
steepesthill	batch_4_of_5_with_2	0	15	30.627930376730372
steepesthill	batch_4_of_5_with_2	0	15	30.627930376730372
steepesthill	batch_4_of_5_with_2	0	16	30.627930376730372
steepesthill	batch_4_of_5_with_2	0	16	30.575091153216434
steepesthill	batch_4_of_5_with_2	0	16	30.575091153216434
steepesthill	batch_4_of_5_with_2	0	17	30.575091153216434
steepesthill	batch_4_of_5_with_2	0	17	30.523529558976175
steepesthill	batch_4_of_5_with_2	0	17	30.523529558976175
steepesthill	batch_4_of_5_with_2	0	18	30.523529558976175
steepesthill	batch_4_of_5_with_2	0	18	30.523529558976175
steepesthill	batch_4_of_5_with_2	0	18	30.523529558976175
steepesthill	batch_4_of_5_with_2	1	0	48.961205124596475
steepesthill	batch_4_of_5_with_2	1	0	41.70444624416274
steepesthill	batch_4_of_5_with_2	1	0	39.68688849016503
steepesthill	batch_4_of_5_with_2	1	1	39.68688849016503
steepesthill	batch_4_of_5_with_2	1	1	37.05853930542844
steepesthill	batch_4_of_5_with_2	1	1	36.78284653673946
steepesthill	batch_4_of_5_with_2	1	2	36.78284653673946
steepesthill	batch_4_of_5_with_2	1	2	35.89455267399829
steepesthill	batch_4_of_5_with_2	1	2	35.51849017024152
steepesthill	batch_4_of_5_with_2	1	3	35.51849017024152
steepesthill	batch_4_of_5_with_2	1	3	34.290993502848565
steepesthill	batch_4_of_5_with_2	1	3	34.051979779566324
steepesthill	batch_4_of_5_with_2	1	4	34.051979779566324
steepesthill	batch_4_of_5_with_2	1	4	33.43155641697484
steepesthill	batch_4_of_5_with_2	1	4	33.20769036371176
steepesthill	batch_4_of_5_with_2	1	5	33.20769036371176
steepesthill	batch_4_of_5_with_2	1	5	32.911030312996225
steepesthill	batch_4_of_5_with_2	1	5	32.911030312996225
steepesthill	batch_4_of_5_with_2	1	6	32.911030312996225
steepesthill	batch_4_of_5_with_2	1	6	32.63741598652489
steepesthill	batch_4_of_5_with_2	1	6	32.63741598652489
steepesthill	batch_4_of_5_with_2	1	7	32.63741598652489
steepesthill	batch_4_of_5_with_2	1	7	32.461748637940374
steepesthill	batch_4_of_5_with_2	1	7	32.461748637940374
steepesthill	batch_4_of_5_with_2	1	8	32.461748637940374
steepesthill	batch_4_of_5_with_2	1	8	32.21186872656576
steepesthill	batch_4_of_5_with_2	1	8	32.21186872656576
steepesthill	batch_4_of_5_with_2	1	9	32.21186872656576
steepesthill	batch_4_of_5_with_2	1	9	32.01320312110329
steepesthill	batch_4_of_5_with_2	1	9	32.01320312110329
steepesthill	batch_4_of_5_with_2	1	10	32.01320312110329
steepesthill	batch_4_of_5_with_2	1	10	31.862394616590848
steepesthill	batch_4_of_5_with_2	1	10	31.862394616590848
steepesthill	batch_4_of_5_with_2	1	11	31.862394616590848
steepesthill	batch_4_of_5_with_2	1	11	31.785694492153933
steepesthill	batch_4_of_5_with_2	1	11	31.785694492153933
steepesthill	batch_4_of_5_with_2	1	12	31.785694492153933
steepesthill	batch_4_of_5_with_2	1	12	31.714222364948043
steepesthill	batch_4_of_5_with_2	1	12	31.714222364948043
steepesthill	batch_4_of_5_with_2	1	13	31.714222364948043
steepesthill	batch_4_of_5_with_2	1	13	31.714222364948043
steepesthill	batch_4_of_5_with_2	1	13	31.714222364948043
steepesthill	batch_5_of_5_with_2	0	0	46.54215643979576
steepesthill	batch_5_of_5_with_2	0	0	41.38848063701438
steepesthill	batch_5_of_5_with_2	0	0	41.01427033405567
steepesthill	batch_5_of_5_with_2	0	1	41.01427033405567
steepesthill	batch_5_of_5_with_2	0	1	38.134659851072726
steepesthill	batch_5_of_5_with_2	0	1	37.480556496209495
steepesthill	batch_5_of_5_with_2	0	2	37.480556496209495
steepesthill	batch_5_of_5_with_2	0	2	36.28861695267945
steepesthill	batch_5_of_5_with_2	0	2	36.28861695267945
steepesthill	batch_5_of_5_with_2	0	3	36.28861695267945
steepesthill	batch_5_of_5_with_2	0	3	35.27127696625939
steepesthill	batch_5_of_5_with_2	0	3	35.00502418282299
steepesthill	batch_5_of_5_with_2	0	4	35.00502418282299
steepesthill	batch_5_of_5_with_2	0	4	34.1707794275176
steepesthill	batch_5_of_5_with_2	0	4	34.10454378106834
steepesthill	batch_5_of_5_with_2	0	5	34.10454378106834
steepesthill	batch_5_of_5_with_2	0	5	33.51922850306098
steepesthill	batch_5_of_5_with_2	0	5	33.51922850306098
steepesthill	batch_5_of_5_with_2	0	6	33.51922850306098
steepesthill	batch_5_of_5_with_2	0	6	32.96170594981238
steepesthill	batch_5_of_5_with_2	0	6	32.96170594981238
steepesthill	batch_5_of_5_with_2	0	7	32.96170594981238
steepesthill	batch_5_of_5_with_2	0	7	32.5660528175393
steepesthill	batch_5_of_5_with_2	0	7	32.48876946363874
steepesthill	batch_5_of_5_with_2	0	8	32.48876946363874
steepesthill	batch_5_of_5_with_2	0	8	32.14320190152964
steepesthill	batch_5_of_5_with_2	0	8	32.14320190152964
steepesthill	batch_5_of_5_with_2	0	9	32.14320190152964
steepesthill	batch_5_of_5_with_2	0	9	31.83894841397961
steepesthill	batch_5_of_5_with_2	0	9	31.83894841397961
steepesthill	batch_5_of_5_with_2	0	10	31.83894841397961
steepesthill	batch_5_of_5_with_2	0	10	31.211697540026798
steepesthill	batch_5_of_5_with_2	0	10	31.211697540026798
steepesthill	batch_5_of_5_with_2	0	11	31.211697540026798
steepesthill	batch_5_of_5_with_2	0	11	30.94995996445556
steepesthill	batch_5_of_5_with_2	0	11	30.94995996445556
steepesthill	batch_5_of_5_with_2	0	12	30.94995996445556
steepesthill	batch_5_of_5_with_2	0	12	30.514880024742023
steepesthill	batch_5_of_5_with_2	0	12	30.514880024742023
steepesthill	batch_5_of_5_with_2	0	13	30.514880024742023
steepesthill	batch_5_of_5_with_2	0	13	30.36766458379308
steepesthill	batch_5_of_5_with_2	0	13	30.36766458379308
steepesthill	batch_5_of_5_with_2	0	14	30.36766458379308
steepesthill	batch_5_of_5_with_2	0	14	30.243719936227933
steepesthill	batch_5_of_5_with_2	0	14	30.243719936227933
steepesthill	batch_5_of_5_with_2	0	15	30.243719936227933
steepesthill	batch_5_of_5_with_2	0	15	30.16225980261726
steepesthill	batch_5_of_5_with_2	0	15	30.16225980261726
steepesthill	batch_5_of_5_with_2	0	16	30.16225980261726
steepesthill	batch_5_of_5_with_2	0	16	30.16225980261726
steepesthill	batch_5_of_5_with_2	0	16	30.16225980261726
steepesthill	batch_5_of_5_with_2	1	0	55.078803544349135
steepesthill	batch_5_of_5_with_2	1	0	46.896483873790345
steepesthill	batch_5_of_5_with_2	1	0	43.86652790552958
steepesthill	batch_5_of_5_with_2	1	1	43.86652790552958
steepesthill	batch_5_of_5_with_2	1	1	40.42113569714732
steepesthill	batch_5_of_5_with_2	1	1	39.38598890220078
steepesthill	batch_5_of_5_with_2	1	2	39.38598890220078
steepesthill	batch_5_of_5_with_2	1	2	37.687924815758294
steepesthill	batch_5_of_5_with_2	1	2	36.870655243081806
steepesthill	batch_5_of_5_with_2	1	3	36.870655243081806
steepesthill	batch_5_of_5_with_2	1	3	35.43833049727754
steepesthill	batch_5_of_5_with_2	1	3	35.06267420788542
steepesthill	batch_5_of_5_with_2	1	4	35.06267420788542
steepesthill	batch_5_of_5_with_2	1	4	34.17812500357045
steepesthill	batch_5_of_5_with_2	1	4	33.96386679530357
steepesthill	batch_5_of_5_with_2	1	5	33.96386679530357
steepesthill	batch_5_of_5_with_2	1	5	32.983959258878684
steepesthill	batch_5_of_5_with_2	1	5	32.983959258878684
steepesthill	batch_5_of_5_with_2	1	6	32.983959258878684
steepesthill	batch_5_of_5_with_2	1	6	32.6403833843796
steepesthill	batch_5_of_5_with_2	1	6	32.6403833843796
steepesthill	batch_5_of_5_with_2	1	7	32.6403833843796
steepesthill	batch_5_of_5_with_2	1	7	32.411153007012096
steepesthill	batch_5_of_5_with_2	1	7	32.411153007012096
steepesthill	batch_5_of_5_with_2	1	8	32.411153007012096
steepesthill	batch_5_of_5_with_2	1	8	32.03290220575549
steepesthill	batch_5_of_5_with_2	1	8	32.03290220575549
steepesthill	batch_5_of_5_with_2	1	9	32.03290220575549
steepesthill	batch_5_of_5_with_2	1	9	31.807363934688485
steepesthill	batch_5_of_5_with_2	1	9	31.807363934688485
steepesthill	batch_5_of_5_with_2	1	10	31.807363934688485
steepesthill	batch_5_of_5_with_2	1	10	31.598950462943733
steepesthill	batch_5_of_5_with_2	1	10	31.598950462943733
steepesthill	batch_5_of_5_with_2	1	11	31.598950462943733
steepesthill	batch_5_of_5_with_2	1	11	31.390756636886746
steepesthill	batch_5_of_5_with_2	1	11	31.390756636886746
steepesthill	batch_5_of_5_with_2	1	12	31.390756636886746
steepesthill	batch_5_of_5_with_2	1	12	31.222594155684863
steepesthill	batch_5_of_5_with_2	1	12	31.222594155684863
steepesthill	batch_5_of_5_with_2	1	13	31.222594155684863
steepesthill	batch_5_of_5_with_2	1	13	31.053016075145617
steepesthill	batch_5_of_5_with_2	1	13	31.053016075145617
steepesthill	batch_5_of_5_with_2	1	14	31.053016075145617
steepesthill	batch_5_of_5_with_2	1	14	30.928098203930883
steepesthill	batch_5_of_5_with_2	1	14	30.928098203930883
steepesthill	batch_5_of_5_with_2	1	15	30.928098203930883
steepesthill	batch_5_of_5_with_2	1	15	30.80603175116825
steepesthill	batch_5_of_5_with_2	1	15	30.80603175116825
steepesthill	batch_5_of_5_with_2	1	16	30.80603175116825
steepesthill	batch_5_of_5_with_2	1	16	30.686635519392823
steepesthill	batch_5_of_5_with_2	1	16	30.686635519392823
steepesthill	batch_5_of_5_with_2	1	17	30.686635519392823
steepesthill	batch_5_of_5_with_2	1	17	30.564125593323816
steepesthill	batch_5_of_5_with_2	1	17	30.564125593323816
steepesthill	batch_5_of_5_with_2	1	18	30.564125593323816
steepesthill	batch_5_of_5_with_2	1	18	30.403378113644813
steepesthill	batch_5_of_5_with_2	1	18	30.403378113644813
steepesthill	batch_5_of_5_with_2	1	19	30.403378113644813
steepesthill	batch_5_of_5_with_2	1	19	30.403378113644813
steepesthill	batch_5_of_5_with_2	1	19	30.403378113644813
steepesthill	batch_1_of_5_with_2	0	0	52.239120472286025
steepesthill	batch_1_of_5_with_2	0	0	47.12199452813836
steepesthill	batch_1_of_5_with_2	0	0	41.83657179136959
steepesthill	batch_1_of_5_with_2	0	1	41.83657179136959
steepesthill	batch_1_of_5_with_2	0	1	39.83320771763718
steepesthill	batch_1_of_5_with_2	0	1	39.06383212426221
steepesthill	batch_1_of_5_with_2	0	2	39.06383212426221
steepesthill	batch_1_of_5_with_2	0	2	37.051440619309766
steepesthill	batch_1_of_5_with_2	0	2	36.734431119809756
steepesthill	batch_1_of_5_with_2	0	3	36.734431119809756
steepesthill	batch_1_of_5_with_2	0	3	35.5209675030293
steepesthill	batch_1_of_5_with_2	0	3	35.36440874718175
steepesthill	batch_1_of_5_with_2	0	4	35.36440874718175
steepesthill	batch_1_of_5_with_2	0	4	34.569033511097906
steepesthill	batch_1_of_5_with_2	0	4	34.23423505482139
steepesthill	batch_1_of_5_with_2	0	5	34.23423505482139
steepesthill	batch_1_of_5_with_2	0	5	33.62542536678737
steepesthill	batch_1_of_5_with_2	0	5	33.62542536678737
steepesthill	batch_1_of_5_with_2	0	6	33.62542536678737
steepesthill	batch_1_of_5_with_2	0	6	33.21673892689664
steepesthill	batch_1_of_5_with_2	0	6	33.21673892689664
steepesthill	batch_1_of_5_with_2	0	7	33.21673892689664
steepesthill	batch_1_of_5_with_2	0	7	32.85817236288969
steepesthill	batch_1_of_5_with_2	0	7	32.85817236288969
steepesthill	batch_1_of_5_with_2	0	8	32.85817236288969
steepesthill	batch_1_of_5_with_2	0	8	32.56990139734028
steepesthill	batch_1_of_5_with_2	0	8	32.56990139734028
steepesthill	batch_1_of_5_with_2	0	9	32.56990139734028
steepesthill	batch_1_of_5_with_2	0	9	32.04131043807111
steepesthill	batch_1_of_5_with_2	0	9	32.04131043807111
steepesthill	batch_1_of_5_with_2	0	10	32.04131043807111
steepesthill	batch_1_of_5_with_2	0	10	31.761796300309662
steepesthill	batch_1_of_5_with_2	0	10	31.761796300309662
steepesthill	batch_1_of_5_with_2	0	11	31.761796300309662
steepesthill	batch_1_of_5_with_2	0	11	31.531080921206716
steepesthill	batch_1_of_5_with_2	0	11	31.531080921206716
steepesthill	batch_1_of_5_with_2	0	12	31.531080921206716
steepesthill	batch_1_of_5_with_2	0	12	31.35063213395716
steepesthill	batch_1_of_5_with_2	0	12	31.35063213395716
steepesthill	batch_1_of_5_with_2	0	13	31.35063213395716
steepesthill	batch_1_of_5_with_2	0	13	31.210631122704886
steepesthill	batch_1_of_5_with_2	0	13	31.210631122704886
steepesthill	batch_1_of_5_with_2	0	14	31.210631122704886
steepesthill	batch_1_of_5_with_2	0	14	31.088447366982205
steepesthill	batch_1_of_5_with_2	0	14	31.088447366982205
steepesthill	batch_1_of_5_with_2	0	15	31.088447366982205
steepesthill	batch_1_of_5_with_2	0	15	30.9568598079943
steepesthill	batch_1_of_5_with_2	0	15	30.9568598079943
steepesthill	batch_1_of_5_with_2	0	16	30.9568598079943
steepesthill	batch_1_of_5_with_2	0	16	30.862875969513055
steepesthill	batch_1_of_5_with_2	0	16	30.862875969513055
steepesthill	batch_1_of_5_with_2	0	17	30.862875969513055
steepesthill	batch_1_of_5_with_2	0	17	30.785570081143476
steepesthill	batch_1_of_5_with_2	0	17	30.785570081143476
steepesthill	batch_1_of_5_with_2	0	18	30.785570081143476
steepesthill	batch_1_of_5_with_2	0	18	30.71956876941325
steepesthill	batch_1_of_5_with_2	0	18	30.71956876941325
steepesthill	batch_1_of_5_with_2	0	19	30.71956876941325
steepesthill	batch_1_of_5_with_2	0	19	30.666524358624326
steepesthill	batch_1_of_5_with_2	0	19	30.666524358624326
steepesthill	batch_1_of_5_with_2	0	20	30.666524358624326
steepesthill	batch_1_of_5_with_2	0	20	30.543397163548107
steepesthill	batch_1_of_5_with_2	0	20	30.543397163548107
steepesthill	batch_1_of_5_with_2	0	21	30.543397163548107
steepesthill	batch_1_of_5_with_2	0	21	30.43247773232784
steepesthill	batch_1_of_5_with_2	0	21	30.43247773232784
steepesthill	batch_1_of_5_with_2	0	22	30.43247773232784
steepesthill	batch_1_of_5_with_2	0	22	30.43247773232784
steepesthill	batch_1_of_5_with_2	0	22	30.43247773232784
steepesthill	batch_1_of_5_with_2	1	0	48.669617679559295
steepesthill	batch_1_of_5_with_2	1	0	43.056908260537355
steepesthill	batch_1_of_5_with_2	1	0	41.24240724416792
steepesthill	batch_1_of_5_with_2	1	1	41.24240724416792
steepesthill	batch_1_of_5_with_2	1	1	38.92443357465158
steepesthill	batch_1_of_5_with_2	1	1	38.553632489604844
steepesthill	batch_1_of_5_with_2	1	2	38.553632489604844
steepesthill	batch_1_of_5_with_2	1	2	36.84626012203811
steepesthill	batch_1_of_5_with_2	1	2	36.84626012203811
steepesthill	batch_1_of_5_with_2	1	3	36.84626012203811
steepesthill	batch_1_of_5_with_2	1	3	35.72140640961962
steepesthill	batch_1_of_5_with_2	1	3	35.72140640961962
steepesthill	batch_1_of_5_with_2	1	4	35.72140640961962
steepesthill	batch_1_of_5_with_2	1	4	34.96092408885792
steepesthill	batch_1_of_5_with_2	1	4	34.61433001572202
steepesthill	batch_1_of_5_with_2	1	5	34.61433001572202
steepesthill	batch_1_of_5_with_2	1	5	33.93906476027051
steepesthill	batch_1_of_5_with_2	1	5	33.93906476027051
steepesthill	batch_1_of_5_with_2	1	6	33.93906476027051
steepesthill	batch_1_of_5_with_2	1	6	33.76059742510155
steepesthill	batch_1_of_5_with_2	1	6	33.76059742510155
steepesthill	batch_1_of_5_with_2	1	7	33.76059742510155
steepesthill	batch_1_of_5_with_2	1	7	33.5859111444134
steepesthill	batch_1_of_5_with_2	1	7	33.5859111444134
steepesthill	batch_1_of_5_with_2	1	8	33.5859111444134
steepesthill	batch_1_of_5_with_2	1	8	33.3101340316803
steepesthill	batch_1_of_5_with_2	1	8	33.3101340316803
steepesthill	batch_1_of_5_with_2	1	9	33.3101340316803
steepesthill	batch_1_of_5_with_2	1	9	32.99509485496177
steepesthill	batch_1_of_5_with_2	1	9	32.99509485496177
steepesthill	batch_1_of_5_with_2	1	10	32.99509485496177
steepesthill	batch_1_of_5_with_2	1	10	32.72293215472918
steepesthill	batch_1_of_5_with_2	1	10	32.72293215472918
steepesthill	batch_1_of_5_with_2	1	11	32.72293215472918
steepesthill	batch_1_of_5_with_2	1	11	32.51814315463963
steepesthill	batch_1_of_5_with_2	1	11	32.51814315463963
steepesthill	batch_1_of_5_with_2	1	12	32.51814315463963
steepesthill	batch_1_of_5_with_2	1	12	32.4182846840984
steepesthill	batch_1_of_5_with_2	1	12	32.4182846840984
steepesthill	batch_1_of_5_with_2	1	13	32.4182846840984
steepesthill	batch_1_of_5_with_2	1	13	32.32421002901415
steepesthill	batch_1_of_5_with_2	1	13	32.32421002901415
steepesthill	batch_1_of_5_with_2	1	14	32.32421002901415
steepesthill	batch_1_of_5_with_2	1	14	32.32421002901415
steepesthill	batch_1_of_5_with_2	1	14	32.32421002901415
steepesthill	batch_5_of_5_with_2	0	0	52.53294164234315
steepesthill	batch_5_of_5_with_2	0	0	45.965068085923356
steepesthill	batch_5_of_5_with_2	0	0	41.523606943335096
steepesthill	batch_5_of_5_with_2	0	1	41.523606943335096
steepesthill	batch_5_of_5_with_2	0	1	38.61710880805712
steepesthill	batch_5_of_5_with_2	0	1	35.63886115502764
steepesthill	batch_5_of_5_with_2	0	2	35.63886115502764
steepesthill	batch_5_of_5_with_2	0	2	34.72975313118222
steepesthill	batch_5_of_5_with_2	0	2	34.15601630475344
steepesthill	batch_5_of_5_with_2	0	3	34.15601630475344
steepesthill	batch_5_of_5_with_2	0	3	33.56163969770862
steepesthill	batch_5_of_5_with_2	0	3	33.56163969770862
steepesthill	batch_5_of_5_with_2	0	4	33.56163969770862
steepesthill	batch_5_of_5_with_2	0	4	33.15547553391946
steepesthill	batch_5_of_5_with_2	0	4	33.15547553391946
steepesthill	batch_5_of_5_with_2	0	5	33.15547553391946
steepesthill	batch_5_of_5_with_2	0	5	32.65796651100403
steepesthill	batch_5_of_5_with_2	0	5	32.55188279787978
steepesthill	batch_5_of_5_with_2	0	6	32.55188279787978
steepesthill	batch_5_of_5_with_2	0	6	32.155955063784255
steepesthill	batch_5_of_5_with_2	0	6	32.0843794188056
steepesthill	batch_5_of_5_with_2	0	7	32.0843794188056
steepesthill	batch_5_of_5_with_2	0	7	31.568121716426454
steepesthill	batch_5_of_5_with_2	0	7	31.568121716426454
steepesthill	batch_5_of_5_with_2	0	8	31.568121716426454
steepesthill	batch_5_of_5_with_2	0	8	31.307254265294578
steepesthill	batch_5_of_5_with_2	0	8	31.307254265294578
steepesthill	batch_5_of_5_with_2	0	9	31.307254265294578
steepesthill	batch_5_of_5_with_2	0	9	31.069200182267068
steepesthill	batch_5_of_5_with_2	0	9	31.069200182267068
steepesthill	batch_5_of_5_with_2	0	10	31.069200182267068
steepesthill	batch_5_of_5_with_2	0	10	30.939467908007273
steepesthill	batch_5_of_5_with_2	0	10	30.939467908007273
steepesthill	batch_5_of_5_with_2	0	11	30.939467908007273
steepesthill	batch_5_of_5_with_2	0	11	30.822811529882333
steepesthill	batch_5_of_5_with_2	0	11	30.822811529882333
steepesthill	batch_5_of_5_with_2	0	12	30.822811529882333
steepesthill	batch_5_of_5_with_2	0	12	30.736706448236056
steepesthill	batch_5_of_5_with_2	0	12	30.736706448236056
steepesthill	batch_5_of_5_with_2	0	13	30.736706448236056
steepesthill	batch_5_of_5_with_2	0	13	30.660123961607702
steepesthill	batch_5_of_5_with_2	0	13	30.660123961607702
steepesthill	batch_5_of_5_with_2	0	14	30.660123961607702
steepesthill	batch_5_of_5_with_2	0	14	30.660123961607702
steepesthill	batch_5_of_5_with_2	0	14	30.660123961607702
steepesthill	batch_5_of_5_with_2	1	0	48.890287407000095
steepesthill	batch_5_of_5_with_2	1	0	43.16136539004177
steepesthill	batch_5_of_5_with_2	1	0	40.73777722057213
steepesthill	batch_5_of_5_with_2	1	1	40.73777722057213
steepesthill	batch_5_of_5_with_2	1	1	37.76647097478416
steepesthill	batch_5_of_5_with_2	1	1	35.55099351094686
steepesthill	batch_5_of_5_with_2	1	2	35.55099351094686
steepesthill	batch_5_of_5_with_2	1	2	34.91912102687925
steepesthill	batch_5_of_5_with_2	1	2	34.15205180504832
steepesthill	batch_5_of_5_with_2	1	3	34.15205180504832
steepesthill	batch_5_of_5_with_2	1	3	33.33084227485052
steepesthill	batch_5_of_5_with_2	1	3	32.93880572242107
steepesthill	batch_5_of_5_with_2	1	4	32.93880572242107
steepesthill	batch_5_of_5_with_2	1	4	32.54598025409264
steepesthill	batch_5_of_5_with_2	1	4	32.54598025409264
steepesthill	batch_5_of_5_with_2	1	5	32.54598025409264
steepesthill	batch_5_of_5_with_2	1	5	31.936231604790187
steepesthill	batch_5_of_5_with_2	1	5	31.936231604790187
steepesthill	batch_5_of_5_with_2	1	6	31.936231604790187
steepesthill	batch_5_of_5_with_2	1	6	31.662341784832297
steepesthill	batch_5_of_5_with_2	1	6	31.662341784832297
steepesthill	batch_5_of_5_with_2	1	7	31.662341784832297
steepesthill	batch_5_of_5_with_2	1	7	31.5077451073543
steepesthill	batch_5_of_5_with_2	1	7	31.5077451073543
steepesthill	batch_5_of_5_with_2	1	8	31.5077451073543
steepesthill	batch_5_of_5_with_2	1	8	31.283012821714955
steepesthill	batch_5_of_5_with_2	1	8	31.283012821714955
steepesthill	batch_5_of_5_with_2	1	9	31.283012821714955
steepesthill	batch_5_of_5_with_2	1	9	31.13849884403217
steepesthill	batch_5_of_5_with_2	1	9	31.13849884403217
steepesthill	batch_5_of_5_with_2	1	10	31.13849884403217
steepesthill	batch_5_of_5_with_2	1	10	31.012574142880464
steepesthill	batch_5_of_5_with_2	1	10	31.012574142880464
steepesthill	batch_5_of_5_with_2	1	11	31.012574142880464
steepesthill	batch_5_of_5_with_2	1	11	30.832088456947858
steepesthill	batch_5_of_5_with_2	1	11	30.832088456947858
steepesthill	batch_5_of_5_with_2	1	12	30.832088456947858
steepesthill	batch_5_of_5_with_2	1	12	30.832088456947858
steepesthill	batch_5_of_5_with_2	1	12	30.832088456947858
steepesthill	batch_4_of_5_with_2	0	0	48.186338633578146
steepesthill	batch_4_of_5_with_2	0	0	43.406239787866234
steepesthill	batch_4_of_5_with_2	0	0	40.608451341653605
steepesthill	batch_4_of_5_with_2	0	1	40.608451341653605
steepesthill	batch_4_of_5_with_2	0	1	37.54001021883148
steepesthill	batch_4_of_5_with_2	0	1	36.64995239238447
steepesthill	batch_4_of_5_with_2	0	2	36.64995239238447
steepesthill	batch_4_of_5_with_2	0	2	34.77134820344054
steepesthill	batch_4_of_5_with_2	0	2	34.68110647685374
steepesthill	batch_4_of_5_with_2	0	3	34.68110647685374
steepesthill	batch_4_of_5_with_2	0	3	33.74087397519885
steepesthill	batch_4_of_5_with_2	0	3	33.656936051059155
steepesthill	batch_4_of_5_with_2	0	4	33.656936051059155
steepesthill	batch_4_of_5_with_2	0	4	33.03009613100184
steepesthill	batch_4_of_5_with_2	0	4	33.03009613100184
steepesthill	batch_4_of_5_with_2	0	5	33.03009613100184
steepesthill	batch_4_of_5_with_2	0	5	32.527779506153685
steepesthill	batch_4_of_5_with_2	0	5	32.527779506153685
steepesthill	batch_4_of_5_with_2	0	6	32.527779506153685
steepesthill	batch_4_of_5_with_2	0	6	32.18959772155443
steepesthill	batch_4_of_5_with_2	0	6	32.18959772155443
steepesthill	batch_4_of_5_with_2	0	7	32.18959772155443
steepesthill	batch_4_of_5_with_2	0	7	31.45691712660019
steepesthill	batch_4_of_5_with_2	0	7	31.45691712660019
steepesthill	batch_4_of_5_with_2	0	8	31.45691712660019
steepesthill	batch_4_of_5_with_2	0	8	31.24484226087162
steepesthill	batch_4_of_5_with_2	0	8	31.24484226087162
steepesthill	batch_4_of_5_with_2	0	9	31.24484226087162
steepesthill	batch_4_of_5_with_2	0	9	31.176550650615262
steepesthill	batch_4_of_5_with_2	0	9	31.176550650615262
steepesthill	batch_4_of_5_with_2	0	10	31.176550650615262
steepesthill	batch_4_of_5_with_2	0	10	31.111185682244923
steepesthill	batch_4_of_5_with_2	0	10	31.111185682244923
steepesthill	batch_4_of_5_with_2	0	11	31.111185682244923
steepesthill	batch_4_of_5_with_2	0	11	31.111185682244923
steepesthill	batch_4_of_5_with_2	0	11	31.111185682244923
steepesthill	batch_4_of_5_with_2	1	0	49.864112931591556
steepesthill	batch_4_of_5_with_2	1	0	44.02498845916474
steepesthill	batch_4_of_5_with_2	1	0	42.69471544959379
steepesthill	batch_4_of_5_with_2	1	1	42.69471544959379
steepesthill	batch_4_of_5_with_2	1	1	39.04194465274107
steepesthill	batch_4_of_5_with_2	1	1	38.04822261977223
steepesthill	batch_4_of_5_with_2	1	2	38.04822261977223
steepesthill	batch_4_of_5_with_2	1	2	36.21372058158139
steepesthill	batch_4_of_5_with_2	1	2	35.84905518238623
steepesthill	batch_4_of_5_with_2	1	3	35.84905518238623
steepesthill	batch_4_of_5_with_2	1	3	34.73322267995333
steepesthill	batch_4_of_5_with_2	1	3	34.73322267995333
steepesthill	batch_4_of_5_with_2	1	4	34.73322267995333
steepesthill	batch_4_of_5_with_2	1	4	33.82152535843233
steepesthill	batch_4_of_5_with_2	1	4	33.82152535843233
steepesthill	batch_4_of_5_with_2	1	5	33.82152535843233
steepesthill	batch_4_of_5_with_2	1	5	33.265790153378916
steepesthill	batch_4_of_5_with_2	1	5	32.62261551943881
steepesthill	batch_4_of_5_with_2	1	6	32.62261551943881
steepesthill	batch_4_of_5_with_2	1	6	31.987271373296174
steepesthill	batch_4_of_5_with_2	1	6	31.987271373296174
steepesthill	batch_4_of_5_with_2	1	7	31.987271373296174
steepesthill	batch_4_of_5_with_2	1	7	31.5661833701124
steepesthill	batch_4_of_5_with_2	1	7	31.5661833701124
steepesthill	batch_4_of_5_with_2	1	8	31.5661833701124
steepesthill	batch_4_of_5_with_2	1	8	31.156763453609376
steepesthill	batch_4_of_5_with_2	1	8	31.156763453609376
steepesthill	batch_4_of_5_with_2	1	9	31.156763453609376
steepesthill	batch_4_of_5_with_2	1	9	30.900626832372893
steepesthill	batch_4_of_5_with_2	1	9	30.900626832372893
steepesthill	batch_4_of_5_with_2	1	10	30.900626832372893
steepesthill	batch_4_of_5_with_2	1	10	30.75418981844991
steepesthill	batch_4_of_5_with_2	1	10	30.75418981844991
steepesthill	batch_4_of_5_with_2	1	11	30.75418981844991
steepesthill	batch_4_of_5_with_2	1	11	30.681593752525508
steepesthill	batch_4_of_5_with_2	1	11	30.681593752525508
steepesthill	batch_4_of_5_with_2	1	12	30.681593752525508
steepesthill	batch_4_of_5_with_2	1	12	30.382329811830722
steepesthill	batch_4_of_5_with_2	1	12	30.382329811830722
steepesthill	batch_4_of_5_with_2	1	13	30.382329811830722
steepesthill	batch_4_of_5_with_2	1	13	30.233305499086402
steepesthill	batch_4_of_5_with_2	1	13	30.233305499086402
steepesthill	batch_4_of_5_with_2	1	14	30.233305499086402
steepesthill	batch_4_of_5_with_2	1	14	30.09571495145718
steepesthill	batch_4_of_5_with_2	1	14	30.09571495145718
steepesthill	batch_4_of_5_with_2	1	15	30.09571495145718
steepesthill	batch_4_of_5_with_2	1	15	30.02339970668154
steepesthill	batch_4_of_5_with_2	1	15	30.02339970668154
steepesthill	batch_4_of_5_with_2	1	16	30.02339970668154
steepesthill	batch_4_of_5_with_2	1	16	30.02339970668154
steepesthill	batch_4_of_5_with_2	1	16	30.02339970668154
steepesthill	batch_1_of_5_with_2	0	0	50.551528833457326
steepesthill	batch_1_of_5_with_2	0	0	41.69659297044929
steepesthill	batch_1_of_5_with_2	0	0	38.82089010382491
steepesthill	batch_1_of_5_with_2	0	1	38.82089010382491
steepesthill	batch_1_of_5_with_2	0	1	36.885799619457224
steepesthill	batch_1_of_5_with_2	0	1	35.596581135271286
steepesthill	batch_1_of_5_with_2	0	2	35.596581135271286
steepesthill	batch_1_of_5_with_2	0	2	34.43816606945352
steepesthill	batch_1_of_5_with_2	0	2	33.92783525375005
steepesthill	batch_1_of_5_with_2	0	3	33.92783525375005
steepesthill	batch_1_of_5_with_2	0	3	32.778213359147635
steepesthill	batch_1_of_5_with_2	0	3	32.54710257969751
steepesthill	batch_1_of_5_with_2	0	4	32.54710257969751
steepesthill	batch_1_of_5_with_2	0	4	32.095092969496925
steepesthill	batch_1_of_5_with_2	0	4	32.095092969496925
steepesthill	batch_1_of_5_with_2	0	5	32.095092969496925
steepesthill	batch_1_of_5_with_2	0	5	31.744584573529853
steepesthill	batch_1_of_5_with_2	0	5	31.744584573529853
steepesthill	batch_1_of_5_with_2	0	6	31.744584573529853
steepesthill	batch_1_of_5_with_2	0	6	31.404796327044018
steepesthill	batch_1_of_5_with_2	0	6	31.404796327044018
steepesthill	batch_1_of_5_with_2	0	7	31.404796327044018
steepesthill	batch_1_of_5_with_2	0	7	31.080194903173957
steepesthill	batch_1_of_5_with_2	0	7	31.080194903173957
steepesthill	batch_1_of_5_with_2	0	8	31.080194903173957
steepesthill	batch_1_of_5_with_2	0	8	30.927794172393718
steepesthill	batch_1_of_5_with_2	0	8	30.927794172393718
steepesthill	batch_1_of_5_with_2	0	9	30.927794172393718
steepesthill	batch_1_of_5_with_2	0	9	30.640905369489282
steepesthill	batch_1_of_5_with_2	0	9	30.640905369489282
steepesthill	batch_1_of_5_with_2	0	10	30.640905369489282
steepesthill	batch_1_of_5_with_2	0	10	30.421711356205606
steepesthill	batch_1_of_5_with_2	0	10	30.421711356205606
steepesthill	batch_1_of_5_with_2	0	11	30.421711356205606
steepesthill	batch_1_of_5_with_2	0	11	30.325418929079476
steepesthill	batch_1_of_5_with_2	0	11	30.325418929079476
steepesthill	batch_1_of_5_with_2	0	12	30.325418929079476
steepesthill	batch_1_of_5_with_2	0	12	30.24739587392138
steepesthill	batch_1_of_5_with_2	0	12	30.24739587392138
steepesthill	batch_1_of_5_with_2	0	13	30.24739587392138
steepesthill	batch_1_of_5_with_2	0	13	30.177595150810586
steepesthill	batch_1_of_5_with_2	0	13	30.177595150810586
steepesthill	batch_1_of_5_with_2	0	14	30.177595150810586
steepesthill	batch_1_of_5_with_2	0	14	30.02756713368895
steepesthill	batch_1_of_5_with_2	0	14	30.02756713368895
steepesthill	batch_1_of_5_with_2	0	15	30.02756713368895
steepesthill	batch_1_of_5_with_2	0	15	30.02756713368895
steepesthill	batch_1_of_5_with_2	0	15	30.02756713368895
steepesthill	batch_1_of_5_with_2	1	0	46.495819971571336
steepesthill	batch_1_of_5_with_2	1	0	42.45686790998952
steepesthill	batch_1_of_5_with_2	1	0	39.16832640598619
steepesthill	batch_1_of_5_with_2	1	1	39.16832640598619
steepesthill	batch_1_of_5_with_2	1	1	36.771274783445556
steepesthill	batch_1_of_5_with_2	1	1	36.771274783445556
steepesthill	batch_1_of_5_with_2	1	2	36.771274783445556
steepesthill	batch_1_of_5_with_2	1	2	35.6065105491121
steepesthill	batch_1_of_5_with_2	1	2	35.40306840880862
steepesthill	batch_1_of_5_with_2	1	3	35.40306840880862
steepesthill	batch_1_of_5_with_2	1	3	34.64037283065496
steepesthill	batch_1_of_5_with_2	1	3	34.11058534440387
steepesthill	batch_1_of_5_with_2	1	4	34.11058534440387
steepesthill	batch_1_of_5_with_2	1	4	33.391940328733156
steepesthill	batch_1_of_5_with_2	1	4	33.391940328733156
steepesthill	batch_1_of_5_with_2	1	5	33.391940328733156
steepesthill	batch_1_of_5_with_2	1	5	32.67984514352052
steepesthill	batch_1_of_5_with_2	1	5	32.67984514352052
steepesthill	batch_1_of_5_with_2	1	6	32.67984514352052
steepesthill	batch_1_of_5_with_2	1	6	32.265616151661426
steepesthill	batch_1_of_5_with_2	1	6	32.265616151661426
steepesthill	batch_1_of_5_with_2	1	7	32.265616151661426
steepesthill	batch_1_of_5_with_2	1	7	31.981724698808065
steepesthill	batch_1_of_5_with_2	1	7	31.981724698808065
steepesthill	batch_1_of_5_with_2	1	8	31.981724698808065
steepesthill	batch_1_of_5_with_2	1	8	31.51881078990154
steepesthill	batch_1_of_5_with_2	1	8	31.51881078990154
steepesthill	batch_1_of_5_with_2	1	9	31.51881078990154
steepesthill	batch_1_of_5_with_2	1	9	31.207507668784363
steepesthill	batch_1_of_5_with_2	1	9	31.207507668784363
steepesthill	batch_1_of_5_with_2	1	10	31.207507668784363
steepesthill	batch_1_of_5_with_2	1	10	30.957797561652495
steepesthill	batch_1_of_5_with_2	1	10	30.957797561652495
steepesthill	batch_1_of_5_with_2	1	11	30.957797561652495
steepesthill	batch_1_of_5_with_2	1	11	30.716222640439018
steepesthill	batch_1_of_5_with_2	1	11	30.716222640439018
steepesthill	batch_1_of_5_with_2	1	12	30.716222640439018
steepesthill	batch_1_of_5_with_2	1	12	30.562279325713835
steepesthill	batch_1_of_5_with_2	1	12	30.562279325713835
steepesthill	batch_1_of_5_with_2	1	13	30.562279325713835
steepesthill	batch_1_of_5_with_2	1	13	30.425910797846175
steepesthill	batch_1_of_5_with_2	1	13	30.425910797846175
steepesthill	batch_1_of_5_with_2	1	14	30.425910797846175
steepesthill	batch_1_of_5_with_2	1	14	30.355122106537145
steepesthill	batch_1_of_5_with_2	1	14	30.355122106537145
steepesthill	batch_1_of_5_with_2	1	15	30.355122106537145
steepesthill	batch_1_of_5_with_2	1	15	30.355122106537145
steepesthill	batch_1_of_5_with_2	1	15	30.355122106537145
steepesthill	batch_3_of_5_with_2	0	0	53.58131971711338
steepesthill	batch_3_of_5_with_2	0	0	48.27189595777069
steepesthill	batch_3_of_5_with_2	0	0	44.53431195123368
steepesthill	batch_3_of_5_with_2	0	1	44.53431195123368
steepesthill	batch_3_of_5_with_2	0	1	41.88564108971365
steepesthill	batch_3_of_5_with_2	0	1	39.987118222655155
steepesthill	batch_3_of_5_with_2	0	2	39.987118222655155
steepesthill	batch_3_of_5_with_2	0	2	38.1692119461292
steepesthill	batch_3_of_5_with_2	0	2	37.398129668687716
steepesthill	batch_3_of_5_with_2	0	3	37.398129668687716
steepesthill	batch_3_of_5_with_2	0	3	35.865540498414056
steepesthill	batch_3_of_5_with_2	0	3	35.315064948345714
steepesthill	batch_3_of_5_with_2	0	4	35.315064948345714
steepesthill	batch_3_of_5_with_2	0	4	34.35411677269582
steepesthill	batch_3_of_5_with_2	0	4	33.9076132922121
steepesthill	batch_3_of_5_with_2	0	5	33.9076132922121
steepesthill	batch_3_of_5_with_2	0	5	32.95091177662887
steepesthill	batch_3_of_5_with_2	0	5	32.83738679302724
steepesthill	batch_3_of_5_with_2	0	6	32.83738679302724
steepesthill	batch_3_of_5_with_2	0	6	32.28065673234107
steepesthill	batch_3_of_5_with_2	0	6	32.28065673234107
steepesthill	batch_3_of_5_with_2	0	7	32.28065673234107
steepesthill	batch_3_of_5_with_2	0	7	31.89049376440734
steepesthill	batch_3_of_5_with_2	0	7	31.89049376440734
steepesthill	batch_3_of_5_with_2	0	8	31.89049376440734
steepesthill	batch_3_of_5_with_2	0	8	31.573290425329784
steepesthill	batch_3_of_5_with_2	0	8	31.573290425329784
steepesthill	batch_3_of_5_with_2	0	9	31.573290425329784
steepesthill	batch_3_of_5_with_2	0	9	31.349942619963485
steepesthill	batch_3_of_5_with_2	0	9	31.349942619963485
steepesthill	batch_3_of_5_with_2	0	10	31.349942619963485
steepesthill	batch_3_of_5_with_2	0	10	31.2284166704702
steepesthill	batch_3_of_5_with_2	0	10	31.2284166704702
steepesthill	batch_3_of_5_with_2	0	11	31.2284166704702
steepesthill	batch_3_of_5_with_2	0	11	31.111173149245463
steepesthill	batch_3_of_5_with_2	0	11	31.111173149245463
steepesthill	batch_3_of_5_with_2	0	12	31.111173149245463
steepesthill	batch_3_of_5_with_2	0	12	30.905442735262227
steepesthill	batch_3_of_5_with_2	0	12	30.905442735262227
steepesthill	batch_3_of_5_with_2	0	13	30.905442735262227
steepesthill	batch_3_of_5_with_2	0	13	30.799499952862433
steepesthill	batch_3_of_5_with_2	0	13	30.799499952862433
steepesthill	batch_3_of_5_with_2	0	14	30.799499952862433
steepesthill	batch_3_of_5_with_2	0	14	30.799499952862433
steepesthill	batch_3_of_5_with_2	0	14	30.799499952862433
steepesthill	batch_3_of_5_with_2	1	0	46.835866833603255
steepesthill	batch_3_of_5_with_2	1	0	42.706159997840835
steepesthill	batch_3_of_5_with_2	1	0	39.909835269978856
steepesthill	batch_3_of_5_with_2	1	1	39.909835269978856
steepesthill	batch_3_of_5_with_2	1	1	38.35499714537199
steepesthill	batch_3_of_5_with_2	1	1	38.19734842029019
steepesthill	batch_3_of_5_with_2	1	2	38.19734842029019
steepesthill	batch_3_of_5_with_2	1	2	36.97108943253321
steepesthill	batch_3_of_5_with_2	1	2	36.78349169408435
steepesthill	batch_3_of_5_with_2	1	3	36.78349169408435
steepesthill	batch_3_of_5_with_2	1	3	35.25493072456185
steepesthill	batch_3_of_5_with_2	1	3	34.67199422267908
steepesthill	batch_3_of_5_with_2	1	4	34.67199422267908
steepesthill	batch_3_of_5_with_2	1	4	34.031800473040406
steepesthill	batch_3_of_5_with_2	1	4	34.031800473040406
steepesthill	batch_3_of_5_with_2	1	5	34.031800473040406
steepesthill	batch_3_of_5_with_2	1	5	33.43555706483723
steepesthill	batch_3_of_5_with_2	1	5	33.43555706483723
steepesthill	batch_3_of_5_with_2	1	6	33.43555706483723
steepesthill	batch_3_of_5_with_2	1	6	32.93765332573095
steepesthill	batch_3_of_5_with_2	1	6	32.93765332573095
steepesthill	batch_3_of_5_with_2	1	7	32.93765332573095
steepesthill	batch_3_of_5_with_2	1	7	32.47456747845209
steepesthill	batch_3_of_5_with_2	1	7	32.47456747845209
steepesthill	batch_3_of_5_with_2	1	8	32.47456747845209
steepesthill	batch_3_of_5_with_2	1	8	32.160793493424784
steepesthill	batch_3_of_5_with_2	1	8	32.160793493424784
steepesthill	batch_3_of_5_with_2	1	9	32.160793493424784
steepesthill	batch_3_of_5_with_2	1	9	31.839367972847207
steepesthill	batch_3_of_5_with_2	1	9	31.839367972847207
steepesthill	batch_3_of_5_with_2	1	10	31.839367972847207
steepesthill	batch_3_of_5_with_2	1	10	31.55121014683675
steepesthill	batch_3_of_5_with_2	1	10	31.55121014683675
steepesthill	batch_3_of_5_with_2	1	11	31.55121014683675
steepesthill	batch_3_of_5_with_2	1	11	31.14733387991151
steepesthill	batch_3_of_5_with_2	1	11	31.14733387991151
steepesthill	batch_3_of_5_with_2	1	12	31.14733387991151
steepesthill	batch_3_of_5_with_2	1	12	30.872414107104166
steepesthill	batch_3_of_5_with_2	1	12	30.872414107104166
steepesthill	batch_3_of_5_with_2	1	13	30.872414107104166
steepesthill	batch_3_of_5_with_2	1	13	30.69631954669491
steepesthill	batch_3_of_5_with_2	1	13	30.69631954669491
steepesthill	batch_3_of_5_with_2	1	14	30.69631954669491
steepesthill	batch_3_of_5_with_2	1	14	30.534549602990925
steepesthill	batch_3_of_5_with_2	1	14	30.534549602990925
steepesthill	batch_3_of_5_with_2	1	15	30.534549602990925
steepesthill	batch_3_of_5_with_2	1	15	30.44047494790667
steepesthill	batch_3_of_5_with_2	1	15	30.44047494790667
steepesthill	batch_3_of_5_with_2	1	16	30.44047494790667
steepesthill	batch_3_of_5_with_2	1	16	30.36360930957194
steepesthill	batch_3_of_5_with_2	1	16	30.36360930957194
steepesthill	batch_3_of_5_with_2	1	17	30.36360930957194
steepesthill	batch_3_of_5_with_2	1	17	30.36360930957194
steepesthill	batch_3_of_5_with_2	1	17	30.36360930957194
steepesthill	batch_2_of_5_with_2	0	0	46.34778958947322
steepesthill	batch_2_of_5_with_2	0	0	42.056944256057136
steepesthill	batch_2_of_5_with_2	0	0	40.44315479418628
steepesthill	batch_2_of_5_with_2	0	1	40.44315479418628
steepesthill	batch_2_of_5_with_2	0	1	38.3533620456199
steepesthill	batch_2_of_5_with_2	0	1	38.07513309254364
steepesthill	batch_2_of_5_with_2	0	2	38.07513309254364
steepesthill	batch_2_of_5_with_2	0	2	36.535497302645666
steepesthill	batch_2_of_5_with_2	0	2	36.535497302645666
steepesthill	batch_2_of_5_with_2	0	3	36.535497302645666
steepesthill	batch_2_of_5_with_2	0	3	35.50421799194029
steepesthill	batch_2_of_5_with_2	0	3	35.06595402633884
steepesthill	batch_2_of_5_with_2	0	4	35.06595402633884
steepesthill	batch_2_of_5_with_2	0	4	33.99110218730072
steepesthill	batch_2_of_5_with_2	0	4	33.78598508784786
steepesthill	batch_2_of_5_with_2	0	5	33.78598508784786
steepesthill	batch_2_of_5_with_2	0	5	33.05698050854354
steepesthill	batch_2_of_5_with_2	0	5	33.05698050854354
steepesthill	batch_2_of_5_with_2	0	6	33.05698050854354
steepesthill	batch_2_of_5_with_2	0	6	32.603085834740064
steepesthill	batch_2_of_5_with_2	0	6	32.603085834740064
steepesthill	batch_2_of_5_with_2	0	7	32.603085834740064
steepesthill	batch_2_of_5_with_2	0	7	32.22647508138708
steepesthill	batch_2_of_5_with_2	0	7	32.22647508138708
steepesthill	batch_2_of_5_with_2	0	8	32.22647508138708
steepesthill	batch_2_of_5_with_2	0	8	31.79687473726772
steepesthill	batch_2_of_5_with_2	0	8	31.79687473726772
steepesthill	batch_2_of_5_with_2	0	9	31.79687473726772
steepesthill	batch_2_of_5_with_2	0	9	31.566232362754885
steepesthill	batch_2_of_5_with_2	0	9	31.566232362754885
steepesthill	batch_2_of_5_with_2	0	10	31.566232362754885
steepesthill	batch_2_of_5_with_2	0	10	31.405941452747236
steepesthill	batch_2_of_5_with_2	0	10	31.405941452747236
steepesthill	batch_2_of_5_with_2	0	11	31.405941452747236
steepesthill	batch_2_of_5_with_2	0	11	31.211104692723477
steepesthill	batch_2_of_5_with_2	0	11	31.211104692723477
steepesthill	batch_2_of_5_with_2	0	12	31.211104692723477
steepesthill	batch_2_of_5_with_2	0	12	31.07789220271437
steepesthill	batch_2_of_5_with_2	0	12	31.07789220271437
steepesthill	batch_2_of_5_with_2	0	13	31.07789220271437
steepesthill	batch_2_of_5_with_2	0	13	30.948916855450015
steepesthill	batch_2_of_5_with_2	0	13	30.948916855450015
steepesthill	batch_2_of_5_with_2	0	14	30.948916855450015
steepesthill	batch_2_of_5_with_2	0	14	30.875478967177134
steepesthill	batch_2_of_5_with_2	0	14	30.875478967177134
steepesthill	batch_2_of_5_with_2	0	15	30.875478967177134
steepesthill	batch_2_of_5_with_2	0	15	30.816571446155628
steepesthill	batch_2_of_5_with_2	0	15	30.816571446155628
steepesthill	batch_2_of_5_with_2	0	16	30.816571446155628
steepesthill	batch_2_of_5_with_2	0	16	30.73569863172227
steepesthill	batch_2_of_5_with_2	0	16	30.73569863172227
steepesthill	batch_2_of_5_with_2	0	17	30.73569863172227
steepesthill	batch_2_of_5_with_2	0	17	30.73569863172227
steepesthill	batch_2_of_5_with_2	0	17	30.73569863172227
steepesthill	batch_2_of_5_with_2	1	0	45.31652468008773
steepesthill	batch_2_of_5_with_2	1	0	40.761570584934695
steepesthill	batch_2_of_5_with_2	1	0	40.091726220099815
steepesthill	batch_2_of_5_with_2	1	1	40.091726220099815
steepesthill	batch_2_of_5_with_2	1	1	37.77313664466445
steepesthill	batch_2_of_5_with_2	1	1	37.68487198974242
steepesthill	batch_2_of_5_with_2	1	2	37.68487198974242
steepesthill	batch_2_of_5_with_2	1	2	35.91211640641107
steepesthill	batch_2_of_5_with_2	1	2	35.91211640641107
steepesthill	batch_2_of_5_with_2	1	3	35.91211640641107
steepesthill	batch_2_of_5_with_2	1	3	34.91423176225859
steepesthill	batch_2_of_5_with_2	1	3	34.81690268051288
steepesthill	batch_2_of_5_with_2	1	4	34.81690268051288
steepesthill	batch_2_of_5_with_2	1	4	34.11507895351955
steepesthill	batch_2_of_5_with_2	1	4	34.11507895351955
steepesthill	batch_2_of_5_with_2	1	5	34.11507895351955
steepesthill	batch_2_of_5_with_2	1	5	33.59590684643338
steepesthill	batch_2_of_5_with_2	1	5	33.59590684643338
steepesthill	batch_2_of_5_with_2	1	6	33.59590684643338
steepesthill	batch_2_of_5_with_2	1	6	33.08396374613737
steepesthill	batch_2_of_5_with_2	1	6	33.08396374613737
steepesthill	batch_2_of_5_with_2	1	7	33.08396374613737
steepesthill	batch_2_of_5_with_2	1	7	32.745509945556556
steepesthill	batch_2_of_5_with_2	1	7	32.745509945556556
steepesthill	batch_2_of_5_with_2	1	8	32.745509945556556
steepesthill	batch_2_of_5_with_2	1	8	32.433385706669554
steepesthill	batch_2_of_5_with_2	1	8	32.433385706669554
steepesthill	batch_2_of_5_with_2	1	9	32.433385706669554
steepesthill	batch_2_of_5_with_2	1	9	32.14045382483722
steepesthill	batch_2_of_5_with_2	1	9	32.14045382483722
steepesthill	batch_2_of_5_with_2	1	10	32.14045382483722
steepesthill	batch_2_of_5_with_2	1	10	31.961986489668263
steepesthill	batch_2_of_5_with_2	1	10	31.961986489668263
steepesthill	batch_2_of_5_with_2	1	11	31.961986489668263
steepesthill	batch_2_of_5_with_2	1	11	31.8196684399655
steepesthill	batch_2_of_5_with_2	1	11	31.8196684399655
steepesthill	batch_2_of_5_with_2	1	12	31.8196684399655
steepesthill	batch_2_of_5_with_2	1	12	31.703950177445577
steepesthill	batch_2_of_5_with_2	1	12	31.703950177445577
steepesthill	batch_2_of_5_with_2	1	13	31.703950177445577
steepesthill	batch_2_of_5_with_2	1	13	31.613422252654043
steepesthill	batch_2_of_5_with_2	1	13	31.613422252654043
steepesthill	batch_2_of_5_with_2	1	14	31.613422252654043
steepesthill	batch_2_of_5_with_2	1	14	31.40098873989608
steepesthill	batch_2_of_5_with_2	1	14	31.40098873989608
steepesthill	batch_2_of_5_with_2	1	15	31.40098873989608
steepesthill	batch_2_of_5_with_2	1	15	31.23888678239234
steepesthill	batch_2_of_5_with_2	1	15	31.23888678239234
steepesthill	batch_2_of_5_with_2	1	16	31.23888678239234
steepesthill	batch_2_of_5_with_2	1	16	31.160863727234243
steepesthill	batch_2_of_5_with_2	1	16	31.160863727234243
steepesthill	batch_2_of_5_with_2	1	17	31.160863727234243
steepesthill	batch_2_of_5_with_2	1	17	31.090690476596976
steepesthill	batch_2_of_5_with_2	1	17	31.090690476596976
steepesthill	batch_2_of_5_with_2	1	18	31.090690476596976
steepesthill	batch_2_of_5_with_2	1	18	31.03013379456762
steepesthill	batch_2_of_5_with_2	1	18	31.03013379456762
steepesthill	batch_2_of_5_with_2	1	19	31.03013379456762
steepesthill	batch_2_of_5_with_2	1	19	31.03013379456762
steepesthill	batch_2_of_5_with_2	1	19	31.03013379456762
steepesthill	batch_1_of_2_with_1	0	0	45.18280719582964
steepesthill	batch_1_of_2_with_1	0	0	42.557114004700175
steepesthill	batch_1_of_2_with_1	0	1	42.557114004700175
steepesthill	batch_1_of_2_with_1	0	1	38.95314568553292
steepesthill	batch_1_of_2_with_1	0	1	38.250714179222165
steepesthill	batch_1_of_2_with_1	0	2	38.250714179222165
steepesthill	batch_1_of_2_with_1	0	2	36.75217064012517
steepesthill	batch_1_of_2_with_1	0	2	36.207651053417976
steepesthill	batch_1_of_2_with_1	0	3	36.207651053417976
steepesthill	batch_1_of_2_with_1	0	3	35.2718795922505
steepesthill	batch_1_of_2_with_1	0	3	34.7768063434913
steepesthill	batch_1_of_2_with_1	0	4	34.7768063434913
steepesthill	batch_1_of_2_with_1	0	4	34.109813446345875
steepesthill	batch_1_of_2_with_1	0	4	33.81566415410896
steepesthill	batch_1_of_2_with_1	0	5	33.81566415410896
steepesthill	batch_1_of_2_with_1	0	5	33.0021059029521
steepesthill	batch_1_of_2_with_1	0	5	33.0021059029521
steepesthill	batch_1_of_2_with_1	0	6	33.0021059029521
steepesthill	batch_1_of_2_with_1	0	6	32.443259338256155
steepesthill	batch_1_of_2_with_1	0	6	32.443259338256155
steepesthill	batch_1_of_2_with_1	0	7	32.443259338256155
steepesthill	batch_1_of_2_with_1	0	7	32.11006131370593
steepesthill	batch_1_of_2_with_1	0	7	32.11006131370593
steepesthill	batch_1_of_2_with_1	0	8	32.11006131370593
steepesthill	batch_1_of_2_with_1	0	8	31.9442341645739
steepesthill	batch_1_of_2_with_1	0	8	31.9442341645739
steepesthill	batch_1_of_2_with_1	0	9	31.9442341645739
steepesthill	batch_1_of_2_with_1	0	9	31.7808988488625
steepesthill	batch_1_of_2_with_1	0	9	31.7808988488625
steepesthill	batch_1_of_2_with_1	0	10	31.7808988488625
steepesthill	batch_1_of_2_with_1	0	10	31.640297380569052
steepesthill	batch_1_of_2_with_1	0	10	31.640297380569052
steepesthill	batch_1_of_2_with_1	0	11	31.640297380569052
steepesthill	batch_1_of_2_with_1	0	11	31.502364176757343
steepesthill	batch_1_of_2_with_1	0	11	31.502364176757343
steepesthill	batch_1_of_2_with_1	0	12	31.502364176757343
steepesthill	batch_1_of_2_with_1	0	12	31.405773819933966
steepesthill	batch_1_of_2_with_1	0	12	31.405773819933966
steepesthill	batch_1_of_2_with_1	0	13	31.405773819933966
steepesthill	batch_1_of_2_with_1	0	13	31.337169805153472
steepesthill	batch_1_of_2_with_1	0	13	31.337169805153472
steepesthill	batch_1_of_2_with_1	0	14	31.337169805153472
steepesthill	batch_1_of_2_with_1	0	14	31.281065926986688
steepesthill	batch_1_of_2_with_1	0	14	31.281065926986688
steepesthill	batch_1_of_2_with_1	0	15	31.281065926986688
steepesthill	batch_1_of_2_with_1	0	15	31.228342224764525
steepesthill	batch_1_of_2_with_1	0	15	31.228342224764525
steepesthill	batch_1_of_2_with_1	0	16	31.228342224764525
steepesthill	batch_1_of_2_with_1	0	16	31.228342224764525
steepesthill	batch_1_of_2_with_1	0	16	31.228342224764525
steepesthill	batch_2_of_2_with_1	0	0	50.37533428460804
steepesthill	batch_2_of_2_with_1	0	0	45.601889863010264
steepesthill	batch_2_of_2_with_1	0	1	45.601889863010264
steepesthill	batch_2_of_2_with_1	0	1	39.78036022960846
steepesthill	batch_2_of_2_with_1	0	1	39.1401861366305
steepesthill	batch_2_of_2_with_1	0	2	39.1401861366305
steepesthill	batch_2_of_2_with_1	0	2	37.86413535590401
steepesthill	batch_2_of_2_with_1	0	2	37.4704249091136
steepesthill	batch_2_of_2_with_1	0	3	37.4704249091136
steepesthill	batch_2_of_2_with_1	0	3	36.48173644658173
steepesthill	batch_2_of_2_with_1	0	3	36.31055785887841
steepesthill	batch_2_of_2_with_1	0	4	36.31055785887841
steepesthill	batch_2_of_2_with_1	0	4	35.17700317512912
steepesthill	batch_2_of_2_with_1	0	4	35.17700317512912
steepesthill	batch_2_of_2_with_1	0	5	35.17700317512912
steepesthill	batch_2_of_2_with_1	0	5	34.58871874802529
steepesthill	batch_2_of_2_with_1	0	5	34.58871874802529
steepesthill	batch_2_of_2_with_1	0	6	34.58871874802529
steepesthill	batch_2_of_2_with_1	0	6	34.14862650135698
steepesthill	batch_2_of_2_with_1	0	6	34.14862650135698
steepesthill	batch_2_of_2_with_1	0	7	34.14862650135698
steepesthill	batch_2_of_2_with_1	0	7	33.67442980751831
steepesthill	batch_2_of_2_with_1	0	7	33.67442980751831
steepesthill	batch_2_of_2_with_1	0	8	33.67442980751831
steepesthill	batch_2_of_2_with_1	0	8	33.2540807673431
steepesthill	batch_2_of_2_with_1	0	8	33.2540807673431
steepesthill	batch_2_of_2_with_1	0	9	33.2540807673431
steepesthill	batch_2_of_2_with_1	0	9	32.87168784894876
steepesthill	batch_2_of_2_with_1	0	9	32.87168784894876
steepesthill	batch_2_of_2_with_1	0	10	32.87168784894876
steepesthill	batch_2_of_2_with_1	0	10	32.54022606252397
steepesthill	batch_2_of_2_with_1	0	10	32.54022606252397
steepesthill	batch_2_of_2_with_1	0	11	32.54022606252397
steepesthill	batch_2_of_2_with_1	0	11	32.27821273691292
steepesthill	batch_2_of_2_with_1	0	11	32.27821273691292
steepesthill	batch_2_of_2_with_1	0	12	32.27821273691292
steepesthill	batch_2_of_2_with_1	0	12	32.049218973843224
steepesthill	batch_2_of_2_with_1	0	12	31.939172087455127
steepesthill	batch_2_of_2_with_1	0	13	31.939172087455127
steepesthill	batch_2_of_2_with_1	0	13	31.7219814575121
steepesthill	batch_2_of_2_with_1	0	13	31.7219814575121
steepesthill	batch_2_of_2_with_1	0	14	31.7219814575121
steepesthill	batch_2_of_2_with_1	0	14	31.535349048071794
steepesthill	batch_2_of_2_with_1	0	14	31.535349048071794
steepesthill	batch_2_of_2_with_1	0	15	31.535349048071794
steepesthill	batch_2_of_2_with_1	0	15	31.433723529826345
steepesthill	batch_2_of_2_with_1	0	15	31.433723529826345
steepesthill	batch_2_of_2_with_1	0	16	31.433723529826345
steepesthill	batch_2_of_2_with_1	0	16	31.433723529826345
steepesthill	batch_2_of_2_with_1	0	16	31.433723529826345
steepesthill	batch_2_of_2_with_1	0	0	46.35260617725385
steepesthill	batch_2_of_2_with_1	0	0	42.309037507048416
steepesthill	batch_2_of_2_with_1	0	1	42.309037507048416
steepesthill	batch_2_of_2_with_1	0	1	35.16083324492227
steepesthill	batch_2_of_2_with_1	0	1	33.384083328448725
steepesthill	batch_2_of_2_with_1	0	2	33.384083328448725
steepesthill	batch_2_of_2_with_1	0	2	31.533810109715084
steepesthill	batch_2_of_2_with_1	0	2	31.533810109715084
steepesthill	batch_2_of_2_with_1	0	3	31.533810109715084
steepesthill	batch_2_of_2_with_1	0	3	31.067308411730455
steepesthill	batch_2_of_2_with_1	0	3	31.067308411730455
steepesthill	batch_2_of_2_with_1	0	4	31.067308411730455
steepesthill	batch_2_of_2_with_1	0	4	30.802372874564053
steepesthill	batch_2_of_2_with_1	0	4	30.802372874564053
steepesthill	batch_2_of_2_with_1	0	5	30.802372874564053
steepesthill	batch_2_of_2_with_1	0	5	30.802372874564053
steepesthill	batch_2_of_2_with_1	0	5	30.802372874564053
steepesthill	batch_1_of_2_with_1	0	0	48.194495567240494
steepesthill	batch_1_of_2_with_1	0	0	36.21281123481599
steepesthill	batch_1_of_2_with_1	0	1	36.21281123481599
steepesthill	batch_1_of_2_with_1	0	1	33.71682913052568
steepesthill	batch_1_of_2_with_1	0	1	33.132765971465815
steepesthill	batch_1_of_2_with_1	0	2	33.132765971465815
steepesthill	batch_1_of_2_with_1	0	2	32.144295390298716
steepesthill	batch_1_of_2_with_1	0	2	32.144295390298716
steepesthill	batch_1_of_2_with_1	0	3	32.144295390298716
steepesthill	batch_1_of_2_with_1	0	3	31.343850440495096
steepesthill	batch_1_of_2_with_1	0	3	31.343850440495096
steepesthill	batch_1_of_2_with_1	0	4	31.343850440495096
steepesthill	batch_1_of_2_with_1	0	4	30.939659959672483
steepesthill	batch_1_of_2_with_1	0	4	30.939659959672483
steepesthill	batch_1_of_2_with_1	0	5	30.939659959672483
steepesthill	batch_1_of_2_with_1	0	5	30.832307967195362
steepesthill	batch_1_of_2_with_1	0	5	30.832307967195362
steepesthill	batch_1_of_2_with_1	0	6	30.832307967195362
steepesthill	batch_1_of_2_with_1	0	6	30.832307967195362
steepesthill	batch_1_of_2_with_1	0	6	30.832307967195362
steepesthill	batch_2_of_2_with_1	0	0	49.838935359570755
steepesthill	batch_2_of_2_with_1	0	0	41.07360043914154
steepesthill	batch_2_of_2_with_1	0	0	38.31375545608852
steepesthill	batch_2_of_2_with_1	0	1	38.31375545608852
steepesthill	batch_2_of_2_with_1	0	1	36.112184321901815
steepesthill	batch_2_of_2_with_1	0	1	35.880062636889434
steepesthill	batch_2_of_2_with_1	0	2	35.880062636889434
steepesthill	batch_2_of_2_with_1	0	2	34.39553074115252
steepesthill	batch_2_of_2_with_1	0	2	34.16669442124354
steepesthill	batch_2_of_2_with_1	0	3	34.16669442124354
steepesthill	batch_2_of_2_with_1	0	3	33.26945356918777
steepesthill	batch_2_of_2_with_1	0	3	33.26945356918777
steepesthill	batch_2_of_2_with_1	0	4	33.26945356918777
steepesthill	batch_2_of_2_with_1	0	4	32.74850347084737
steepesthill	batch_2_of_2_with_1	0	4	32.74850347084737
steepesthill	batch_2_of_2_with_1	0	5	32.74850347084737
steepesthill	batch_2_of_2_with_1	0	5	32.33435872296387
steepesthill	batch_2_of_2_with_1	0	5	32.33435872296387
steepesthill	batch_2_of_2_with_1	0	6	32.33435872296387
steepesthill	batch_2_of_2_with_1	0	6	32.128925465564464
steepesthill	batch_2_of_2_with_1	0	6	32.128925465564464
steepesthill	batch_2_of_2_with_1	0	7	32.128925465564464
steepesthill	batch_2_of_2_with_1	0	7	31.97167527054961
steepesthill	batch_2_of_2_with_1	0	7	31.97167527054961
steepesthill	batch_2_of_2_with_1	0	8	31.97167527054961
steepesthill	batch_2_of_2_with_1	0	8	31.76794886632915
steepesthill	batch_2_of_2_with_1	0	8	31.76794886632915
steepesthill	batch_2_of_2_with_1	0	9	31.76794886632915
steepesthill	batch_2_of_2_with_1	0	9	31.44976084313051
steepesthill	batch_2_of_2_with_1	0	9	31.44976084313051
steepesthill	batch_2_of_2_with_1	0	10	31.44976084313051
steepesthill	batch_2_of_2_with_1	0	10	31.44976084313051
steepesthill	batch_2_of_2_with_1	0	10	31.44976084313051
steepesthill	batch_1_of_2_with_1	0	0	44.99124653587798
steepesthill	batch_1_of_2_with_1	0	0	38.10744394412429
steepesthill	batch_1_of_2_with_1	0	0	37.17178479438574
steepesthill	batch_1_of_2_with_1	0	1	37.17178479438574
steepesthill	batch_1_of_2_with_1	0	1	35.601399106671956
steepesthill	batch_1_of_2_with_1	0	1	35.07190905182202
steepesthill	batch_1_of_2_with_1	0	2	35.07190905182202
steepesthill	batch_1_of_2_with_1	0	2	33.69068926956514
steepesthill	batch_1_of_2_with_1	0	2	33.445823288652626
steepesthill	batch_1_of_2_with_1	0	3	33.445823288652626
steepesthill	batch_1_of_2_with_1	0	3	32.659728091514665
steepesthill	batch_1_of_2_with_1	0	3	32.659728091514665
steepesthill	batch_1_of_2_with_1	0	4	32.659728091514665
steepesthill	batch_1_of_2_with_1	0	4	31.945988421076073
steepesthill	batch_1_of_2_with_1	0	4	31.945988421076073
steepesthill	batch_1_of_2_with_1	0	5	31.945988421076073
steepesthill	batch_1_of_2_with_1	0	5	31.467110052608746
steepesthill	batch_1_of_2_with_1	0	5	31.467110052608746
steepesthill	batch_1_of_2_with_1	0	6	31.467110052608746
steepesthill	batch_1_of_2_with_1	0	6	31.25136905979037
steepesthill	batch_1_of_2_with_1	0	6	31.25136905979037
steepesthill	batch_1_of_2_with_1	0	7	31.25136905979037
steepesthill	batch_1_of_2_with_1	0	7	31.113984294926446
steepesthill	batch_1_of_2_with_1	0	7	31.113984294926446
steepesthill	batch_1_of_2_with_1	0	8	31.113984294926446
steepesthill	batch_1_of_2_with_1	0	8	30.990663332929827
steepesthill	batch_1_of_2_with_1	0	8	30.990663332929827
steepesthill	batch_1_of_2_with_1	0	9	30.990663332929827
steepesthill	batch_1_of_2_with_1	0	9	30.841575070524808
steepesthill	batch_1_of_2_with_1	0	9	30.841575070524808
steepesthill	batch_1_of_2_with_1	0	10	30.841575070524808
steepesthill	batch_1_of_2_with_1	0	10	30.841575070524808
steepesthill	batch_1_of_2_with_1	0	10	30.841575070524808
steepesthill	batch_1_of_2_with_1	0	0	43.5588071596313
steepesthill	batch_1_of_2_with_1	0	0	37.58495754299666
steepesthill	batch_1_of_2_with_1	0	0	36.88290547930282
steepesthill	batch_1_of_2_with_1	0	1	36.88290547930282
steepesthill	batch_1_of_2_with_1	0	1	34.65033427228035
steepesthill	batch_1_of_2_with_1	0	1	34.482633966448816
steepesthill	batch_1_of_2_with_1	0	2	34.482633966448816
steepesthill	batch_1_of_2_with_1	0	2	33.201087568249456
steepesthill	batch_1_of_2_with_1	0	2	33.201087568249456
steepesthill	batch_1_of_2_with_1	0	3	33.201087568249456
steepesthill	batch_1_of_2_with_1	0	3	32.66807405804972
steepesthill	batch_1_of_2_with_1	0	3	32.66807405804972
steepesthill	batch_1_of_2_with_1	0	4	32.66807405804972
steepesthill	batch_1_of_2_with_1	0	4	32.317122794434766
steepesthill	batch_1_of_2_with_1	0	4	32.317122794434766
steepesthill	batch_1_of_2_with_1	0	5	32.317122794434766
steepesthill	batch_1_of_2_with_1	0	5	32.079681399934394
steepesthill	batch_1_of_2_with_1	0	5	32.079681399934394
steepesthill	batch_1_of_2_with_1	0	6	32.079681399934394
steepesthill	batch_1_of_2_with_1	0	6	31.93524104221155
steepesthill	batch_1_of_2_with_1	0	6	31.93524104221155
steepesthill	batch_1_of_2_with_1	0	7	31.93524104221155
steepesthill	batch_1_of_2_with_1	0	7	31.79333561388384
steepesthill	batch_1_of_2_with_1	0	7	31.79333561388384
steepesthill	batch_1_of_2_with_1	0	8	31.79333561388384
steepesthill	batch_1_of_2_with_1	0	8	31.79333561388384
steepesthill	batch_1_of_2_with_1	0	8	31.79333561388384
steepesthill	batch_2_of_2_with_1	0	0	42.667173688884255
steepesthill	batch_2_of_2_with_1	0	0	37.05174760353328
steepesthill	batch_2_of_2_with_1	0	0	36.44307841110271
steepesthill	batch_2_of_2_with_1	0	1	36.44307841110271
steepesthill	batch_2_of_2_with_1	0	1	34.156318031721526
steepesthill	batch_2_of_2_with_1	0	1	33.87898547476876
steepesthill	batch_2_of_2_with_1	0	2	33.87898547476876
steepesthill	batch_2_of_2_with_1	0	2	32.53872267559875
steepesthill	batch_2_of_2_with_1	0	2	32.48569837715963
steepesthill	batch_2_of_2_with_1	0	3	32.48569837715963
steepesthill	batch_2_of_2_with_1	0	3	31.82609662927714
steepesthill	batch_2_of_2_with_1	0	3	31.82609662927714
steepesthill	batch_2_of_2_with_1	0	4	31.82609662927714
steepesthill	batch_2_of_2_with_1	0	4	31.420483870230456
steepesthill	batch_2_of_2_with_1	0	4	31.420483870230456
steepesthill	batch_2_of_2_with_1	0	5	31.420483870230456
steepesthill	batch_2_of_2_with_1	0	5	30.953690779939677
steepesthill	batch_2_of_2_with_1	0	5	30.953690779939677
steepesthill	batch_2_of_2_with_1	0	6	30.953690779939677
steepesthill	batch_2_of_2_with_1	0	6	30.653695571064095
steepesthill	batch_2_of_2_with_1	0	6	30.653695571064095
steepesthill	batch_2_of_2_with_1	0	7	30.653695571064095
steepesthill	batch_2_of_2_with_1	0	7	30.373466272343066
steepesthill	batch_2_of_2_with_1	0	7	30.373466272343066
steepesthill	batch_2_of_2_with_1	0	8	30.373466272343066
steepesthill	batch_2_of_2_with_1	0	8	30.202038083802183
steepesthill	batch_2_of_2_with_1	0	8	30.202038083802183
steepesthill	batch_2_of_2_with_1	0	9	30.202038083802183
steepesthill	batch_2_of_2_with_1	0	9	29.739236462369004
steepesthill	batch_2_of_2_with_1	0	9	29.739236462369004
steepesthill	batch_2_of_2_with_1	0	10	29.739236462369004
steepesthill	batch_2_of_2_with_1	0	10	29.48311487787493
steepesthill	batch_2_of_2_with_1	0	10	29.48311487787493
steepesthill	batch_2_of_2_with_1	0	11	29.48311487787493
steepesthill	batch_2_of_2_with_1	0	11	29.48311487787493
steepesthill	batch_2_of_2_with_1	0	11	29.48311487787493
steepesthill	batch_2_of_2_with_1	0	0	48.80533621991102
steepesthill	batch_2_of_2_with_1	0	0	37.92431041262418
steepesthill	batch_2_of_2_with_1	0	0	36.214020939187805
steepesthill	batch_2_of_2_with_1	0	1	36.214020939187805
steepesthill	batch_2_of_2_with_1	0	1	32.57670872928248
steepesthill	batch_2_of_2_with_1	0	1	32.57670872928248
steepesthill	batch_2_of_2_with_1	0	2	32.57670872928248
steepesthill	batch_2_of_2_with_1	0	2	31.375746136536026
steepesthill	batch_2_of_2_with_1	0	2	31.375746136536026
steepesthill	batch_2_of_2_with_1	0	3	31.375746136536026
steepesthill	batch_2_of_2_with_1	0	3	30.739710484726107
steepesthill	batch_2_of_2_with_1	0	3	30.739710484726107
steepesthill	batch_2_of_2_with_1	0	4	30.739710484726107
steepesthill	batch_2_of_2_with_1	0	4	30.739710484726107
steepesthill	batch_2_of_2_with_1	0	4	30.739710484726107
steepesthill	batch_1_of_2_with_1	0	0	43.09315877949746
steepesthill	batch_1_of_2_with_1	0	0	35.366402564451384
steepesthill	batch_1_of_2_with_1	0	0	35.366402564451384
steepesthill	batch_1_of_2_with_1	0	1	35.366402564451384
steepesthill	batch_1_of_2_with_1	0	1	33.50232998231327
steepesthill	batch_1_of_2_with_1	0	1	33.50232998231327
steepesthill	batch_1_of_2_with_1	0	2	33.50232998231327
steepesthill	batch_1_of_2_with_1	0	2	32.46404881054462
steepesthill	batch_1_of_2_with_1	0	2	32.46404881054462
steepesthill	batch_1_of_2_with_1	0	3	32.46404881054462
steepesthill	batch_1_of_2_with_1	0	3	32.13055331774384
steepesthill	batch_1_of_2_with_1	0	3	32.13055331774384
steepesthill	batch_1_of_2_with_1	0	4	32.13055331774384
steepesthill	batch_1_of_2_with_1	0	4	31.318550632233332
steepesthill	batch_1_of_2_with_1	0	4	31.318550632233332
steepesthill	batch_1_of_2_with_1	0	5	31.318550632233332
steepesthill	batch_1_of_2_with_1	0	5	31.222284477055858
steepesthill	batch_1_of_2_with_1	0	5	31.222284477055858
steepesthill	batch_1_of_2_with_1	0	6	31.222284477055858
steepesthill	batch_1_of_2_with_1	0	6	31.222284477055858
steepesthill	batch_1_of_2_with_1	0	6	31.222284477055858
steepesthill	batch_1_of_2_with_1	0	0	47.79946263167392
steepesthill	batch_1_of_2_with_1	0	0	42.43537050950946
steepesthill	batch_1_of_2_with_1	0	0	37.82861400147522
steepesthill	batch_1_of_2_with_1	0	1	37.82861400147522
steepesthill	batch_1_of_2_with_1	0	1	35.539246742388606
steepesthill	batch_1_of_2_with_1	0	1	34.8339265435099
steepesthill	batch_1_of_2_with_1	0	2	34.8339265435099
steepesthill	batch_1_of_2_with_1	0	2	33.82139603526376
steepesthill	batch_1_of_2_with_1	0	2	33.82139603526376
steepesthill	batch_1_of_2_with_1	0	3	33.82139603526376
steepesthill	batch_1_of_2_with_1	0	3	33.37786600010724
steepesthill	batch_1_of_2_with_1	0	3	33.24389835688018
steepesthill	batch_1_of_2_with_1	0	4	33.24389835688018
steepesthill	batch_1_of_2_with_1	0	4	32.820371154741025
steepesthill	batch_1_of_2_with_1	0	4	32.820371154741025
steepesthill	batch_1_of_2_with_1	0	5	32.820371154741025
steepesthill	batch_1_of_2_with_1	0	5	32.67746186130493
steepesthill	batch_1_of_2_with_1	0	5	32.67746186130493
steepesthill	batch_1_of_2_with_1	0	6	32.67746186130493
steepesthill	batch_1_of_2_with_1	0	6	32.456791404090254
steepesthill	batch_1_of_2_with_1	0	6	32.456791404090254
steepesthill	batch_1_of_2_with_1	0	7	32.456791404090254
steepesthill	batch_1_of_2_with_1	0	7	32.32734336735278
steepesthill	batch_1_of_2_with_1	0	7	32.32734336735278
steepesthill	batch_1_of_2_with_1	0	8	32.32734336735278
steepesthill	batch_1_of_2_with_1	0	8	32.228264745138645
steepesthill	batch_1_of_2_with_1	0	8	32.228264745138645
steepesthill	batch_1_of_2_with_1	0	9	32.228264745138645
steepesthill	batch_1_of_2_with_1	0	9	32.10277822858459
steepesthill	batch_1_of_2_with_1	0	9	32.10277822858459
steepesthill	batch_1_of_2_with_1	0	10	32.10277822858459
steepesthill	batch_1_of_2_with_1	0	10	31.958376263529573
steepesthill	batch_1_of_2_with_1	0	10	31.958376263529573
steepesthill	batch_1_of_2_with_1	0	11	31.958376263529573
steepesthill	batch_1_of_2_with_1	0	11	31.864301608445317
steepesthill	batch_1_of_2_with_1	0	11	31.864301608445317
steepesthill	batch_1_of_2_with_1	0	12	31.864301608445317
steepesthill	batch_1_of_2_with_1	0	12	31.78221256850694
steepesthill	batch_1_of_2_with_1	0	12	31.78221256850694
steepesthill	batch_1_of_2_with_1	0	13	31.78221256850694
steepesthill	batch_1_of_2_with_1	0	13	31.610903405602446
steepesthill	batch_1_of_2_with_1	0	13	31.610903405602446
steepesthill	batch_1_of_2_with_1	0	14	31.610903405602446
steepesthill	batch_1_of_2_with_1	0	14	31.610903405602446
steepesthill	batch_1_of_2_with_1	0	14	31.610903405602446
steepesthill	batch_2_of_2_with_1	0	0	48.35534177494228
steepesthill	batch_2_of_2_with_1	0	0	41.92605038089745
steepesthill	batch_2_of_2_with_1	0	0	38.40515024739112
steepesthill	batch_2_of_2_with_1	0	1	38.40515024739112
steepesthill	batch_2_of_2_with_1	0	1	36.472781487822175
steepesthill	batch_2_of_2_with_1	0	1	36.15487418823735
steepesthill	batch_2_of_2_with_1	0	2	36.15487418823735
steepesthill	batch_2_of_2_with_1	0	2	35.493758654334044
steepesthill	batch_2_of_2_with_1	0	2	35.493758654334044
steepesthill	batch_2_of_2_with_1	0	3	35.493758654334044
steepesthill	batch_2_of_2_with_1	0	3	34.48234969204037
steepesthill	batch_2_of_2_with_1	0	3	34.221534237531955
steepesthill	batch_2_of_2_with_1	0	4	34.221534237531955
steepesthill	batch_2_of_2_with_1	0	4	33.594319300464285
steepesthill	batch_2_of_2_with_1	0	4	32.9879165879666
steepesthill	batch_2_of_2_with_1	0	5	32.9879165879666
steepesthill	batch_2_of_2_with_1	0	5	32.6730648527395
steepesthill	batch_2_of_2_with_1	0	5	32.6730648527395
steepesthill	batch_2_of_2_with_1	0	6	32.6730648527395
steepesthill	batch_2_of_2_with_1	0	6	32.36685857365573
steepesthill	batch_2_of_2_with_1	0	6	32.36685857365573
steepesthill	batch_2_of_2_with_1	0	7	32.36685857365573
steepesthill	batch_2_of_2_with_1	0	7	32.08483688594134
steepesthill	batch_2_of_2_with_1	0	7	32.08483688594134
steepesthill	batch_2_of_2_with_1	0	8	32.08483688594134
steepesthill	batch_2_of_2_with_1	0	8	31.863297497489757
steepesthill	batch_2_of_2_with_1	0	8	31.66595592545169
steepesthill	batch_2_of_2_with_1	0	9	31.66595592545169
steepesthill	batch_2_of_2_with_1	0	9	31.437273447826943
steepesthill	batch_2_of_2_with_1	0	9	31.437273447826943
steepesthill	batch_2_of_2_with_1	0	10	31.437273447826943
steepesthill	batch_2_of_2_with_1	0	10	31.124245282212573
steepesthill	batch_2_of_2_with_1	0	10	31.124245282212573
steepesthill	batch_2_of_2_with_1	0	11	31.124245282212573
steepesthill	batch_2_of_2_with_1	0	11	30.91314966584099
steepesthill	batch_2_of_2_with_1	0	11	30.91314966584099
steepesthill	batch_2_of_2_with_1	0	12	30.91314966584099
steepesthill	batch_2_of_2_with_1	0	12	30.737012966037298
steepesthill	batch_2_of_2_with_1	0	12	30.737012966037298
steepesthill	batch_2_of_2_with_1	0	13	30.737012966037298
steepesthill	batch_2_of_2_with_1	0	13	30.57551359355559
steepesthill	batch_2_of_2_with_1	0	13	30.57551359355559
steepesthill	batch_2_of_2_with_1	0	14	30.57551359355559
steepesthill	batch_2_of_2_with_1	0	14	30.42672835077336
steepesthill	batch_2_of_2_with_1	0	14	30.42672835077336
steepesthill	batch_2_of_2_with_1	0	15	30.42672835077336
steepesthill	batch_2_of_2_with_1	0	15	30.294583348718255
steepesthill	batch_2_of_2_with_1	0	15	30.294583348718255
steepesthill	batch_2_of_2_with_1	0	16	30.294583348718255
steepesthill	batch_2_of_2_with_1	0	16	30.208239054317747
steepesthill	batch_2_of_2_with_1	0	16	30.208239054317747
steepesthill	batch_2_of_2_with_1	0	17	30.208239054317747
steepesthill	batch_2_of_2_with_1	0	17	30.208239054317747
steepesthill	batch_2_of_2_with_1	0	17	30.208239054317747
steepesthill	batch_2_of_2_with_1	0	0	47.53736822097635
steepesthill	batch_2_of_2_with_1	0	0	42.181426090396045
steepesthill	batch_2_of_2_with_1	0	0	39.346419996911955
steepesthill	batch_2_of_2_with_1	0	1	39.346419996911955
steepesthill	batch_2_of_2_with_1	0	1	37.246308328010805
steepesthill	batch_2_of_2_with_1	0	1	36.82379440478904
steepesthill	batch_2_of_2_with_1	0	2	36.82379440478904
steepesthill	batch_2_of_2_with_1	0	2	34.903499013758605
steepesthill	batch_2_of_2_with_1	0	2	34.13726179066199
steepesthill	batch_2_of_2_with_1	0	3	34.13726179066199
steepesthill	batch_2_of_2_with_1	0	3	33.330845267085586
steepesthill	batch_2_of_2_with_1	0	3	33.330845267085586
steepesthill	batch_2_of_2_with_1	0	4	33.330845267085586
steepesthill	batch_2_of_2_with_1	0	4	32.74126214116517
steepesthill	batch_2_of_2_with_1	0	4	32.74126214116517
steepesthill	batch_2_of_2_with_1	0	5	32.74126214116517
steepesthill	batch_2_of_2_with_1	0	5	32.37685221102545
steepesthill	batch_2_of_2_with_1	0	5	32.37685221102545
steepesthill	batch_2_of_2_with_1	0	6	32.37685221102545
steepesthill	batch_2_of_2_with_1	0	6	32.08339123972823
steepesthill	batch_2_of_2_with_1	0	6	32.08339123972823
steepesthill	batch_2_of_2_with_1	0	7	32.08339123972823
steepesthill	batch_2_of_2_with_1	0	7	31.84785579863347
steepesthill	batch_2_of_2_with_1	0	7	31.84785579863347
steepesthill	batch_2_of_2_with_1	0	8	31.84785579863347
steepesthill	batch_2_of_2_with_1	0	8	31.740451434734613
steepesthill	batch_2_of_2_with_1	0	8	31.740451434734613
steepesthill	batch_2_of_2_with_1	0	9	31.740451434734613
steepesthill	batch_2_of_2_with_1	0	9	31.647736271246966
steepesthill	batch_2_of_2_with_1	0	9	31.647736271246966
steepesthill	batch_2_of_2_with_1	0	10	31.647736271246966
steepesthill	batch_2_of_2_with_1	0	10	31.449077245323817
steepesthill	batch_2_of_2_with_1	0	10	31.449077245323817
steepesthill	batch_2_of_2_with_1	0	11	31.449077245323817
steepesthill	batch_2_of_2_with_1	0	11	31.372435927638904
steepesthill	batch_2_of_2_with_1	0	11	31.372435927638904
steepesthill	batch_2_of_2_with_1	0	12	31.372435927638904
steepesthill	batch_2_of_2_with_1	0	12	31.31258172736117
steepesthill	batch_2_of_2_with_1	0	12	31.31258172736117
steepesthill	batch_2_of_2_with_1	0	13	31.31258172736117
steepesthill	batch_2_of_2_with_1	0	13	31.262287807288008
steepesthill	batch_2_of_2_with_1	0	13	31.262287807288008
steepesthill	batch_2_of_2_with_1	0	14	31.262287807288008
steepesthill	batch_2_of_2_with_1	0	14	31.262287807288008
steepesthill	batch_2_of_2_with_1	0	14	31.262287807288008
steepesthill	batch_1_of_2_with_1	0	0	49.5328595218701
steepesthill	batch_1_of_2_with_1	0	0	40.65772265584178
steepesthill	batch_1_of_2_with_1	0	0	37.789988382244836
steepesthill	batch_1_of_2_with_1	0	1	37.789988382244836
steepesthill	batch_1_of_2_with_1	0	1	36.49300690547221
steepesthill	batch_1_of_2_with_1	0	1	36.24814695142967
steepesthill	batch_1_of_2_with_1	0	2	36.24814695142967
steepesthill	batch_1_of_2_with_1	0	2	34.945812317812916
steepesthill	batch_1_of_2_with_1	0	2	34.945812317812916
steepesthill	batch_1_of_2_with_1	0	3	34.945812317812916
steepesthill	batch_1_of_2_with_1	0	3	33.8775013889402
steepesthill	batch_1_of_2_with_1	0	3	33.8775013889402
steepesthill	batch_1_of_2_with_1	0	4	33.8775013889402
steepesthill	batch_1_of_2_with_1	0	4	32.99252300728299
steepesthill	batch_1_of_2_with_1	0	4	32.6953358600498
steepesthill	batch_1_of_2_with_1	0	5	32.6953358600498
steepesthill	batch_1_of_2_with_1	0	5	31.707304110684248
steepesthill	batch_1_of_2_with_1	0	5	31.707304110684248
steepesthill	batch_1_of_2_with_1	0	6	31.707304110684248
steepesthill	batch_1_of_2_with_1	0	6	31.18975574075242
steepesthill	batch_1_of_2_with_1	0	6	31.18975574075242
steepesthill	batch_1_of_2_with_1	0	7	31.18975574075242
steepesthill	batch_1_of_2_with_1	0	7	30.95538177096832
steepesthill	batch_1_of_2_with_1	0	7	30.95538177096832
steepesthill	batch_1_of_2_with_1	0	8	30.95538177096832
steepesthill	batch_1_of_2_with_1	0	8	30.829677569425154
steepesthill	batch_1_of_2_with_1	0	8	30.829677569425154
steepesthill	batch_1_of_2_with_1	0	9	30.829677569425154
steepesthill	batch_1_of_2_with_1	0	9	30.693502772085917
steepesthill	batch_1_of_2_with_1	0	9	30.693502772085917
steepesthill	batch_1_of_2_with_1	0	10	30.693502772085917
steepesthill	batch_1_of_2_with_1	0	10	30.57118861860034
steepesthill	batch_1_of_2_with_1	0	10	30.57118861860034
steepesthill	batch_1_of_2_with_1	0	11	30.57118861860034
steepesthill	batch_1_of_2_with_1	0	11	30.470681473883964
steepesthill	batch_1_of_2_with_1	0	11	30.470681473883964
steepesthill	batch_1_of_2_with_1	0	12	30.470681473883964
steepesthill	batch_1_of_2_with_1	0	12	30.377760983095847
steepesthill	batch_1_of_2_with_1	0	12	30.377760983095847
steepesthill	batch_1_of_2_with_1	0	13	30.377760983095847
steepesthill	batch_1_of_2_with_1	0	13	30.311459436165016
steepesthill	batch_1_of_2_with_1	0	13	30.311459436165016
steepesthill	batch_1_of_2_with_1	0	14	30.311459436165016
steepesthill	batch_1_of_2_with_1	0	14	30.2501258462038
steepesthill	batch_1_of_2_with_1	0	14	30.2501258462038
steepesthill	batch_1_of_2_with_1	0	15	30.2501258462038
steepesthill	batch_1_of_2_with_1	0	15	30.053066484743674
steepesthill	batch_1_of_2_with_1	0	15	30.053066484743674
steepesthill	batch_1_of_2_with_1	0	16	30.053066484743674
steepesthill	batch_1_of_2_with_1	0	16	29.99932402871567
steepesthill	batch_1_of_2_with_1	0	16	29.99932402871567
steepesthill	batch_1_of_2_with_1	0	17	29.99932402871567
steepesthill	batch_1_of_2_with_1	0	17	29.99932402871567
steepesthill	batch_1_of_2_with_1	0	17	29.99932402871567
steepesthill	batch_1_of_2_with_1	0	0	45.19569125054718
steepesthill	batch_1_of_2_with_1	0	0	36.444994551235496
steepesthill	batch_1_of_2_with_1	0	0	35.92111258759202
steepesthill	batch_1_of_2_with_1	0	1	35.92111258759202
steepesthill	batch_1_of_2_with_1	0	1	33.16362998800223
steepesthill	batch_1_of_2_with_1	0	1	32.946698893621594
steepesthill	batch_1_of_2_with_1	0	2	32.946698893621594
steepesthill	batch_1_of_2_with_1	0	2	31.216363380988614
steepesthill	batch_1_of_2_with_1	0	2	31.14433553010591
steepesthill	batch_1_of_2_with_1	0	3	31.14433553010591
steepesthill	batch_1_of_2_with_1	0	3	30.72569014828832
steepesthill	batch_1_of_2_with_1	0	3	30.72569014828832
steepesthill	batch_1_of_2_with_1	0	4	30.72569014828832
steepesthill	batch_1_of_2_with_1	0	4	30.72569014828832
steepesthill	batch_1_of_2_with_1	0	4	30.72569014828832
steepesthill	batch_2_of_2_with_1	0	0	50.30958098092236
steepesthill	batch_2_of_2_with_1	0	0	38.4071162478906
steepesthill	batch_2_of_2_with_1	0	0	37.555701795848414
steepesthill	batch_2_of_2_with_1	0	1	37.555701795848414
steepesthill	batch_2_of_2_with_1	0	1	34.372850559675406
steepesthill	batch_2_of_2_with_1	0	1	34.2845383324517
steepesthill	batch_2_of_2_with_1	0	2	34.2845383324517
steepesthill	batch_2_of_2_with_1	0	2	33.02384375646905
steepesthill	batch_2_of_2_with_1	0	2	33.02384375646905
steepesthill	batch_2_of_2_with_1	0	3	33.02384375646905
steepesthill	batch_2_of_2_with_1	0	3	32.55780592495524
steepesthill	batch_2_of_2_with_1	0	3	32.55780592495524
steepesthill	batch_2_of_2_with_1	0	4	32.55780592495524
steepesthill	batch_2_of_2_with_1	0	4	32.376020603319546
steepesthill	batch_2_of_2_with_1	0	4	32.376020603319546
steepesthill	batch_2_of_2_with_1	0	5	32.376020603319546
steepesthill	batch_2_of_2_with_1	0	5	32.376020603319546
steepesthill	batch_2_of_2_with_1	0	5	32.376020603319546
steepesthill	batch_2_of_2_with_1	0	0	51.63438145917256
steepesthill	batch_2_of_2_with_1	0	0	44.47296421098456
steepesthill	batch_2_of_2_with_1	0	0	42.27497478649149
steepesthill	batch_2_of_2_with_1	0	1	42.27497478649149
steepesthill	batch_2_of_2_with_1	0	1	40.48377842983829
steepesthill	batch_2_of_2_with_1	0	1	39.183453649182525
steepesthill	batch_2_of_2_with_1	0	2	39.183453649182525
steepesthill	batch_2_of_2_with_1	0	2	37.94489872979707
steepesthill	batch_2_of_2_with_1	0	2	36.97487365640571
steepesthill	batch_2_of_2_with_1	0	3	36.97487365640571
steepesthill	batch_2_of_2_with_1	0	3	35.97671984781573
steepesthill	batch_2_of_2_with_1	0	3	35.66721056571008
steepesthill	batch_2_of_2_with_1	0	4	35.66721056571008
steepesthill	batch_2_of_2_with_1	0	4	34.956343158491016
steepesthill	batch_2_of_2_with_1	0	4	34.12454489203597
steepesthill	batch_2_of_2_with_1	0	5	34.12454489203597
steepesthill	batch_2_of_2_with_1	0	5	33.51273976390578
steepesthill	batch_2_of_2_with_1	0	5	33.080325283900436
steepesthill	batch_2_of_2_with_1	0	6	33.080325283900436
steepesthill	batch_2_of_2_with_1	0	6	32.742768194378435
steepesthill	batch_2_of_2_with_1	0	6	32.56317589396867
steepesthill	batch_2_of_2_with_1	0	7	32.56317589396867
steepesthill	batch_2_of_2_with_1	0	7	32.32595831749898
steepesthill	batch_2_of_2_with_1	0	7	32.32595831749898
steepesthill	batch_2_of_2_with_1	0	8	32.32595831749898
steepesthill	batch_2_of_2_with_1	0	8	32.18536548848554
steepesthill	batch_2_of_2_with_1	0	8	32.18536548848554
steepesthill	batch_2_of_2_with_1	0	9	32.18536548848554
steepesthill	batch_2_of_2_with_1	0	9	32.058881851409524
steepesthill	batch_2_of_2_with_1	0	9	32.058881851409524
steepesthill	batch_2_of_2_with_1	0	10	32.058881851409524
steepesthill	batch_2_of_2_with_1	0	10	31.962499784324272
steepesthill	batch_2_of_2_with_1	0	10	31.962499784324272
steepesthill	batch_2_of_2_with_1	0	11	31.962499784324272
steepesthill	batch_2_of_2_with_1	0	11	31.891949223697267
steepesthill	batch_2_of_2_with_1	0	11	31.891949223697267
steepesthill	batch_2_of_2_with_1	0	12	31.891949223697267
steepesthill	batch_2_of_2_with_1	0	12	31.7876886241354
steepesthill	batch_2_of_2_with_1	0	12	31.7876886241354
steepesthill	batch_2_of_2_with_1	0	13	31.7876886241354
steepesthill	batch_2_of_2_with_1	0	13	31.706211801581397
steepesthill	batch_2_of_2_with_1	0	13	31.706211801581397
steepesthill	batch_2_of_2_with_1	0	14	31.706211801581397
steepesthill	batch_2_of_2_with_1	0	14	31.64573328952605
steepesthill	batch_2_of_2_with_1	0	14	31.64573328952605
steepesthill	batch_2_of_2_with_1	0	15	31.64573328952605
steepesthill	batch_2_of_2_with_1	0	15	31.592013727499495
steepesthill	batch_2_of_2_with_1	0	15	31.592013727499495
steepesthill	batch_2_of_2_with_1	0	16	31.592013727499495
steepesthill	batch_2_of_2_with_1	0	16	31.592013727499495
steepesthill	batch_2_of_2_with_1	0	16	31.592013727499495
steepesthill	batch_1_of_2_with_1	0	0	44.63061609110874
steepesthill	batch_1_of_2_with_1	0	0	41.346857462229245
steepesthill	batch_1_of_2_with_1	0	0	40.434360943898696
steepesthill	batch_1_of_2_with_1	0	1	40.434360943898696
steepesthill	batch_1_of_2_with_1	0	1	37.16249287760008
steepesthill	batch_1_of_2_with_1	0	1	36.912182977389406
steepesthill	batch_1_of_2_with_1	0	2	36.912182977389406
steepesthill	batch_1_of_2_with_1	0	2	35.538418483548924
steepesthill	batch_1_of_2_with_1	0	2	35.29223641942464
steepesthill	batch_1_of_2_with_1	0	3	35.29223641942464
steepesthill	batch_1_of_2_with_1	0	3	33.95447489306693
steepesthill	batch_1_of_2_with_1	0	3	33.95447489306693
steepesthill	batch_1_of_2_with_1	0	4	33.95447489306693
steepesthill	batch_1_of_2_with_1	0	4	33.50865577455883
steepesthill	batch_1_of_2_with_1	0	4	33.50865577455883
steepesthill	batch_1_of_2_with_1	0	5	33.50865577455883
steepesthill	batch_1_of_2_with_1	0	5	33.07365218091764
steepesthill	batch_1_of_2_with_1	0	5	33.07365218091764
steepesthill	batch_1_of_2_with_1	0	6	33.07365218091764
steepesthill	batch_1_of_2_with_1	0	6	32.74522506012722
steepesthill	batch_1_of_2_with_1	0	6	32.74522506012722
steepesthill	batch_1_of_2_with_1	0	7	32.74522506012722
steepesthill	batch_1_of_2_with_1	0	7	32.35487195626305
steepesthill	batch_1_of_2_with_1	0	7	32.35487195626305
steepesthill	batch_1_of_2_with_1	0	8	32.35487195626305
steepesthill	batch_1_of_2_with_1	0	8	31.673913141136204
steepesthill	batch_1_of_2_with_1	0	8	31.673913141136204
steepesthill	batch_1_of_2_with_1	0	9	31.673913141136204
steepesthill	batch_1_of_2_with_1	0	9	31.495454672745435
steepesthill	batch_1_of_2_with_1	0	9	31.495454672745435
steepesthill	batch_1_of_2_with_1	0	10	31.495454672745435
steepesthill	batch_1_of_2_with_1	0	10	31.349674310856347
steepesthill	batch_1_of_2_with_1	0	10	31.349674310856347
steepesthill	batch_1_of_2_with_1	0	11	31.349674310856347
steepesthill	batch_1_of_2_with_1	0	11	31.218865411124582
steepesthill	batch_1_of_2_with_1	0	11	31.218865411124582
steepesthill	batch_1_of_2_with_1	0	12	31.218865411124582
steepesthill	batch_1_of_2_with_1	0	12	31.093799499215425
steepesthill	batch_1_of_2_with_1	0	12	31.093799499215425
steepesthill	batch_1_of_2_with_1	0	13	31.093799499215425
steepesthill	batch_1_of_2_with_1	0	13	30.969538779628362
steepesthill	batch_1_of_2_with_1	0	13	30.969538779628362
steepesthill	batch_1_of_2_with_1	0	14	30.969538779628362
steepesthill	batch_1_of_2_with_1	0	14	30.83731360683354
steepesthill	batch_1_of_2_with_1	0	14	30.83731360683354
steepesthill	batch_1_of_2_with_1	0	15	30.83731360683354
steepesthill	batch_1_of_2_with_1	0	15	30.76750087644416
steepesthill	batch_1_of_2_with_1	0	15	30.76750087644416
steepesthill	batch_1_of_2_with_1	0	16	30.76750087644416
steepesthill	batch_1_of_2_with_1	0	16	30.718456290657574
steepesthill	batch_1_of_2_with_1	0	16	30.718456290657574
steepesthill	batch_1_of_2_with_1	0	17	30.718456290657574
steepesthill	batch_1_of_2_with_1	0	17	30.718456290657574
steepesthill	batch_1_of_2_with_1	0	17	30.718456290657574
